<kml xmlns="http://www.opengis.net/kml/2.2">
<Document>
<name>Departure Trajectories from LEBL</name>
    
                            <Placemark>
                                <name>ECLZN (LEBL to LGMK)</name>
                                <Style>
                                    <LineStyle>
                                        <color>ffffc9e1</color>
                                        <width>3</width>
                                    </LineStyle>
                                </Style>
                                <LineString>
                                    <tessellate>1</tessellate>
                                    <altitudeMode>clampToGround</altitudeMode>
                                    <coordinates>
                                        2.0783333333333336,41.29694444444444,0 25.34722222222222,37.43722222222222,0
                                    </coordinates>
                                </LineString>
                            </Placemark>
                                    
                            <Placemark>
                                <name>ECLQK (LEBL to LLBG)</name>
                                <Style>
                                    <LineStyle>
                                        <color>ffc9ffcc</color>
                                        <width>3</width>
                                    </LineStyle>
                                </Style>
                                <LineString>
                                    <tessellate>1</tessellate>
                                    <altitudeMode>clampToGround</altitudeMode>
                                    <coordinates>
                                        2.0783333333333336,41.29694444444444,0 34.885555555555555,32.00944444444445,0
                                    </coordinates>
                                </LineString>
                            </Placemark>
                                    
                            <Placemark>
                                <name>ECHFK (LEBL to LEPA)</name>
                                <Style>
                                    <LineStyle>
                                        <color>ffffc9e1</color>
                                        <width>3</width>
                                    </LineStyle>
                                </Style>
                                <LineString>
                                    <tessellate>1</tessellate>
                                    <altitudeMode>clampToGround</altitudeMode>
                                    <coordinates>
                                        2.0783333333333336,41.29694444444444,0 2.738888888888889,39.55166666666666,0
                                    </coordinates>
                                </LineString>
                            </Placemark>
                                    
                            <Placemark>
                                <name>ECMHS (LEBL to LPPT)</name>
                                <Style>
                                    <LineStyle>
                                        <color>ffffc9e1</color>
                                        <width>3</width>
                                    </LineStyle>
                                </Style>
                                <LineString>
                                    <tessellate>1</tessellate>
                                    <altitudeMode>clampToGround</altitudeMode>
                                    <coordinates>
                                        2.0783333333333336,41.29694444444444,0 -9.134166666666665,38.774166666666666,0
                                    </coordinates>
                                </LineString>
                            </Placemark>
                                    
                            <Placemark>
                                <name>ECMFN (LEBL to LEBB)</name>
                                <Style>
                                    <LineStyle>
                                        <color>ffffc9e1</color>
                                        <width>3</width>
                                    </LineStyle>
                                </Style>
                                <LineString>
                                    <tessellate>1</tessellate>
                                    <altitudeMode>clampToGround</altitudeMode>
                                    <coordinates>
                                        2.0783333333333336,41.29694444444444,0 -2.9105555555555553,43.301111111111105,0
                                    </coordinates>
                                </LineString>
                            </Placemark>
                                    
                            <Placemark>
                                <name>N327UP (LEBL to LEVC)</name>
                                <Style>
                                    <LineStyle>
                                        <color>ffffc9e1</color>
                                        <width>3</width>
                                    </LineStyle>
                                </Style>
                                <LineString>
                                    <tessellate>1</tessellate>
                                    <altitudeMode>clampToGround</altitudeMode>
                                    <coordinates>
                                        2.0783333333333336,41.29694444444444,0 -0.4816666666666667,39.489444444444445,0
                                    </coordinates>
                                </LineString>
                            </Placemark>
                                    
                            <Placemark>
                                <name>TCJSO (LEBL to LTBA)</name>
                                <Style>
                                    <LineStyle>
                                        <color>ffc9ffcc</color>
                                        <width>3</width>
                                    </LineStyle>
                                </Style>
                                <LineString>
                                    <tessellate>1</tessellate>
                                    <altitudeMode>clampToGround</altitudeMode>
                                    <coordinates>
                                        2.0783333333333336,41.29694444444444,0 28.81416666666667,40.976111111111116,0
                                    </coordinates>
                                </LineString>
                            </Placemark>
                                    
                            <Placemark>
                                <name>EIDAM (LEBL to LIME)</name>
                                <Style>
                                    <LineStyle>
                                        <color>ffffc9e1</color>
                                        <width>3</width>
                                    </LineStyle>
                                </Style>
                                <LineString>
                                    <tessellate>1</tessellate>
                                    <altitudeMode>clampToGround</altitudeMode>
                                    <coordinates>
                                        2.0783333333333336,41.29694444444444,0 9.700277777777776,45.66888888888889,0
                                    </coordinates>
                                </LineString>
                            </Placemark>
                                    
                            <Placemark>
                                <name>EIDWK (LEBL to EBBR)</name>
                                <Style>
                                    <LineStyle>
                                        <color>ffffc9e1</color>
                                        <width>3</width>
                                    </LineStyle>
                                </Style>
                                <LineString>
                                    <tessellate>1</tessellate>
                                    <altitudeMode>clampToGround</altitudeMode>
                                    <coordinates>
                                        2.0783333333333336,41.29694444444444,0 4.484444444444445,50.90138888888889,0
                                    </coordinates>
                                </LineString>
                            </Placemark>
                                    
                            <Placemark>
                                <name>EIDCJ (LEBL to EGSS)</name>
                                <Style>
                                    <LineStyle>
                                        <color>ffc9ffcc</color>
                                        <width>3</width>
                                    </LineStyle>
                                </Style>
                                <LineString>
                                    <tessellate>1</tessellate>
                                    <altitudeMode>clampToGround</altitudeMode>
                                    <coordinates>
                                        2.0783333333333336,41.29694444444444,0 0.23500000000000001,51.885,0
                                    </coordinates>
                                </LineString>
                            </Placemark>
                                    
                            <Placemark>
                                <name>LYVEO (LEBL to LEST)</name>
                                <Style>
                                    <LineStyle>
                                        <color>ffffc9e1</color>
                                        <width>3</width>
                                    </LineStyle>
                                </Style>
                                <LineString>
                                    <tessellate>1</tessellate>
                                    <altitudeMode>clampToGround</altitudeMode>
                                    <coordinates>
                                        2.0783333333333336,41.29694444444444,0 -8.415277777777778,42.896388888888886,0
                                    </coordinates>
                                </LineString>
                            </Placemark>
                                    
                            <Placemark>
                                <name>EIDHT (LEBL to EYVI)</name>
                                <Style>
                                    <LineStyle>
                                        <color>ffffc9e1</color>
                                        <width>3</width>
                                    </LineStyle>
                                </Style>
                                <LineString>
                                    <tessellate>1</tessellate>
                                    <altitudeMode>clampToGround</altitudeMode>
                                    <coordinates>
                                        2.0783333333333336,41.29694444444444,0 25.28777777777778,54.636944444444445,0
                                    </coordinates>
                                </LineString>
                            </Placemark>
                                    
                            <Placemark>
                                <name>GEZUM (LEBL to LSGG)</name>
                                <Style>
                                    <LineStyle>
                                        <color>ffffc9e1</color>
                                        <width>3</width>
                                    </LineStyle>
                                </Style>
                                <LineString>
                                    <tessellate>1</tessellate>
                                    <altitudeMode>clampToGround</altitudeMode>
                                    <coordinates>
                                        2.0783333333333336,41.29694444444444,0 6.109444444444444,46.23833333333334,0
                                    </coordinates>
                                </LineString>
                            </Placemark>
                                    
                            <Placemark>
                                <name>ECMLE (LEBL to LFRS)</name>
                                <Style>
                                    <LineStyle>
                                        <color>ffffc9e1</color>
                                        <width>3</width>
                                    </LineStyle>
                                </Style>
                                <LineString>
                                    <tessellate>1</tessellate>
                                    <altitudeMode>clampToGround</altitudeMode>
                                    <coordinates>
                                        2.0783333333333336,41.29694444444444,0 -1.607777777777778,47.15694444444444,0
                                    </coordinates>
                                </LineString>
                            </Placemark>
                                    
                            <Placemark>
                                <name>EIDTO (LEBL to LIRF)</name>
                                <Style>
                                    <LineStyle>
                                        <color>ffffc9e1</color>
                                        <width>3</width>
                                    </LineStyle>
                                </Style>
                                <LineString>
                                    <tessellate>1</tessellate>
                                    <altitudeMode>clampToGround</altitudeMode>
                                    <coordinates>
                                        2.0783333333333336,41.29694444444444,0 12.238888888888889,41.80027777777777,0
                                    </coordinates>
                                </LineString>
                            </Placemark>
                                    
                            <Placemark>
                                <name>EIEFW (LEBL to LEST)</name>
                                <Style>
                                    <LineStyle>
                                        <color>ffffc9e1</color>
                                        <width>3</width>
                                    </LineStyle>
                                </Style>
                                <LineString>
                                    <tessellate>1</tessellate>
                                    <altitudeMode>clampToGround</altitudeMode>
                                    <coordinates>
                                        2.0783333333333336,41.29694444444444,0 -8.415277777777778,42.896388888888886,0
                                    </coordinates>
                                </LineString>
                            </Placemark>
                                    
                            <Placemark>
                                <name>HBIOF (LEBL to LSZH)</name>
                                <Style>
                                    <LineStyle>
                                        <color>ffffc9e1</color>
                                        <width>3</width>
                                    </LineStyle>
                                </Style>
                                <LineString>
                                    <tessellate>1</tessellate>
                                    <altitudeMode>clampToGround</altitudeMode>
                                    <coordinates>
                                        2.0783333333333336,41.29694444444444,0 8.548055555555555,47.45805555555556,0
                                    </coordinates>
                                </LineString>
                            </Placemark>
                                    
                            <Placemark>
                                <name>ECMBY (LEBL to LDZA)</name>
                                <Style>
                                    <LineStyle>
                                        <color>ffc9ffcc</color>
                                        <width>3</width>
                                    </LineStyle>
                                </Style>
                                <LineString>
                                    <tessellate>1</tessellate>
                                    <altitudeMode>clampToGround</altitudeMode>
                                    <coordinates>
                                        2.0783333333333336,41.29694444444444,0 16.06888888888889,45.74305555555556,0
                                    </coordinates>
                                </LineString>
                            </Placemark>
                                    
                            <Placemark>
                                <name>ECLRG (LEBL to EDDP)</name>
                                <Style>
                                    <LineStyle>
                                        <color>ffffc9e1</color>
                                        <width>3</width>
                                    </LineStyle>
                                </Style>
                                <LineString>
                                    <tessellate>1</tessellate>
                                    <altitudeMode>clampToGround</altitudeMode>
                                    <coordinates>
                                        2.0783333333333336,41.29694444444444,0 12.236388888888888,51.42388888888889,0
                                    </coordinates>
                                </LineString>
                            </Placemark>
                                    
                            <Placemark>
                                <name>EIDAE (LEBL to LIRF)</name>
                                <Style>
                                    <LineStyle>
                                        <color>ffffc9e1</color>
                                        <width>3</width>
                                    </LineStyle>
                                </Style>
                                <LineString>
                                    <tessellate>1</tessellate>
                                    <altitudeMode>clampToGround</altitudeMode>
                                    <coordinates>
                                        2.0783333333333336,41.29694444444444,0 12.238888888888889,41.80027777777777,0
                                    </coordinates>
                                </LineString>
                            </Placemark>
                                    
                            <Placemark>
                                <name>EIFIY (LEBL to LEIB)</name>
                                <Style>
                                    <LineStyle>
                                        <color>ffffc9e1</color>
                                        <width>3</width>
                                    </LineStyle>
                                </Style>
                                <LineString>
                                    <tessellate>1</tessellate>
                                    <altitudeMode>clampToGround</altitudeMode>
                                    <coordinates>
                                        2.0783333333333336,41.29694444444444,0 1.3730555555555557,38.87277777777778,0
                                    </coordinates>
                                </LineString>
                            </Placemark>
                                    
                            <Placemark>
                                <name>EIDHG (LEBL to EDDH)</name>
                                <Style>
                                    <LineStyle>
                                        <color>ffffc9e1</color>
                                        <width>3</width>
                                    </LineStyle>
                                </Style>
                                <LineString>
                                    <tessellate>1</tessellate>
                                    <altitudeMode>clampToGround</altitudeMode>
                                    <coordinates>
                                        2.0783333333333336,41.29694444444444,0 9.988333333333333,53.63027777777778,0
                                    </coordinates>
                                </LineString>
                            </Placemark>
                                    
                            <Placemark>
                                <name>ECMGZ (LEBL to LIPZ)</name>
                                <Style>
                                    <LineStyle>
                                        <color>ffffc9e1</color>
                                        <width>3</width>
                                    </LineStyle>
                                </Style>
                                <LineString>
                                    <tessellate>1</tessellate>
                                    <altitudeMode>clampToGround</altitudeMode>
                                    <coordinates>
                                        2.0783333333333336,41.29694444444444,0 12.351944444444444,45.50527777777778,0
                                    </coordinates>
                                </LineString>
                            </Placemark>
                                    
                            <Placemark>
                                <name>CSTTI (LEBL to LPPT)</name>
                                <Style>
                                    <LineStyle>
                                        <color>ffffc9e1</color>
                                        <width>3</width>
                                    </LineStyle>
                                </Style>
                                <LineString>
                                    <tessellate>1</tessellate>
                                    <altitudeMode>clampToGround</altitudeMode>
                                    <coordinates>
                                        2.0783333333333336,41.29694444444444,0 -9.134166666666665,38.774166666666666,0
                                    </coordinates>
                                </LineString>
                            </Placemark>
                                    
                            <Placemark>
                                <name>EIENO (LEBL to LFOB)</name>
                                <Style>
                                    <LineStyle>
                                        <color>ffffc9e1</color>
                                        <width>3</width>
                                    </LineStyle>
                                </Style>
                                <LineString>
                                    <tessellate>1</tessellate>
                                    <altitudeMode>clampToGround</altitudeMode>
                                    <coordinates>
                                        2.0783333333333336,41.29694444444444,0 2.112777777777778,49.45444444444445,0
                                    </coordinates>
                                </LineString>
                            </Placemark>
                                    
                            <Placemark>
                                <name>PHBXG (LEBL to EHAM)</name>
                                <Style>
                                    <LineStyle>
                                        <color>ffffc9e1</color>
                                        <width>3</width>
                                    </LineStyle>
                                </Style>
                                <LineString>
                                    <tessellate>1</tessellate>
                                    <altitudeMode>clampToGround</altitudeMode>
                                    <coordinates>
                                        2.0783333333333336,41.29694444444444,0 4.764166666666667,52.308055555555555,0
                                    </coordinates>
                                </LineString>
                            </Placemark>
                                    
                            <Placemark>
                                <name>ECMKV (LEBL to LESO)</name>
                                <Style>
                                    <LineStyle>
                                        <color>ffffc9e1</color>
                                        <width>3</width>
                                    </LineStyle>
                                </Style>
                                <LineString>
                                    <tessellate>1</tessellate>
                                    <altitudeMode>clampToGround</altitudeMode>
                                    <coordinates>
                                        2.0783333333333336,41.29694444444444,0 -1.7905555555555555,43.35638888888889,0
                                    </coordinates>
                                </LineString>
                            </Placemark>
                                    
                            <Placemark>
                                <name>ECMJR (LEBL to EGGW)</name>
                                <Style>
                                    <LineStyle>
                                        <color>ffc9ffcc</color>
                                        <width>3</width>
                                    </LineStyle>
                                </Style>
                                <LineString>
                                    <tessellate>1</tessellate>
                                    <altitudeMode>clampToGround</altitudeMode>
                                    <coordinates>
                                        2.0783333333333336,41.29694444444444,0 -0.3683333333333333,51.874722222222225,0
                                    </coordinates>
                                </LineString>
                            </Placemark>
                                    
                            <Placemark>
                                <name>CSTRO (LEBL to LPPR)</name>
                                <Style>
                                    <LineStyle>
                                        <color>ffffc9e1</color>
                                        <width>3</width>
                                    </LineStyle>
                                </Style>
                                <LineString>
                                    <tessellate>1</tessellate>
                                    <altitudeMode>clampToGround</altitudeMode>
                                    <coordinates>
                                        2.0783333333333336,41.29694444444444,0 -8.678055555555554,41.23555555555556,0
                                    </coordinates>
                                </LineString>
                            </Placemark>
                                    
                            <Placemark>
                                <name>ECMJC (LEBL to LDSP)</name>
                                <Style>
                                    <LineStyle>
                                        <color>ffc9ffcc</color>
                                        <width>3</width>
                                    </LineStyle>
                                </Style>
                                <LineString>
                                    <tessellate>1</tessellate>
                                    <altitudeMode>clampToGround</altitudeMode>
                                    <coordinates>
                                        2.0783333333333336,41.29694444444444,0 16.298055555555557,43.538888888888884,0
                                    </coordinates>
                                </LineString>
                            </Placemark>
                                    
                            <Placemark>
                                <name>ECLQM (LEBL to EBBR)</name>
                                <Style>
                                    <LineStyle>
                                        <color>ffffc9e1</color>
                                        <width>3</width>
                                    </LineStyle>
                                </Style>
                                <LineString>
                                    <tessellate>1</tessellate>
                                    <altitudeMode>clampToGround</altitudeMode>
                                    <coordinates>
                                        2.0783333333333336,41.29694444444444,0 4.484444444444445,50.90138888888889,0
                                    </coordinates>
                                </LineString>
                            </Placemark>
                                    
                            <Placemark>
                                <name>ECMHB (LEBL to LFPO)</name>
                                <Style>
                                    <LineStyle>
                                        <color>ffffc9e1</color>
                                        <width>3</width>
                                    </LineStyle>
                                </Style>
                                <LineString>
                                    <tessellate>1</tessellate>
                                    <altitudeMode>clampToGround</altitudeMode>
                                    <coordinates>
                                        2.0783333333333336,41.29694444444444,0 2.3794444444444447,48.723333333333336,0
                                    </coordinates>
                                </LineString>
                            </Placemark>
                                    
                            <Placemark>
                                <name>ECMHA (LEBL to LEPA)</name>
                                <Style>
                                    <LineStyle>
                                        <color>ffffc9e1</color>
                                        <width>3</width>
                                    </LineStyle>
                                </Style>
                                <LineString>
                                    <tessellate>1</tessellate>
                                    <altitudeMode>clampToGround</altitudeMode>
                                    <coordinates>
                                        2.0783333333333336,41.29694444444444,0 2.738888888888889,39.55166666666666,0
                                    </coordinates>
                                </LineString>
                            </Placemark>
                                    
                            <Placemark>
                                <name>ECLUN (LEBL to DAAG)</name>
                                <Style>
                                    <LineStyle>
                                        <color>ffc9ffcc</color>
                                        <width>3</width>
                                    </LineStyle>
                                </Style>
                                <LineString>
                                    <tessellate>1</tessellate>
                                    <altitudeMode>clampToGround</altitudeMode>
                                    <coordinates>
                                        2.0783333333333336,41.29694444444444,0 3.2144444444444447,36.693888888888885,0
                                    </coordinates>
                                </LineString>
                            </Placemark>
                                    
                            <Placemark>
                                <name>ECLML (LEBL to LEIB)</name>
                                <Style>
                                    <LineStyle>
                                        <color>ffffc9e1</color>
                                        <width>3</width>
                                    </LineStyle>
                                </Style>
                                <LineString>
                                    <tessellate>1</tessellate>
                                    <altitudeMode>clampToGround</altitudeMode>
                                    <coordinates>
                                        2.0783333333333336,41.29694444444444,0 1.3730555555555557,38.87277777777778,0
                                    </coordinates>
                                </LineString>
                            </Placemark>
                                    
                            <Placemark>
                                <name>ECLVC (LEBL to LEGR)</name>
                                <Style>
                                    <LineStyle>
                                        <color>ffffc9e1</color>
                                        <width>3</width>
                                    </LineStyle>
                                </Style>
                                <LineString>
                                    <tessellate>1</tessellate>
                                    <altitudeMode>clampToGround</altitudeMode>
                                    <coordinates>
                                        2.0783333333333336,41.29694444444444,0 -3.777222222222222,37.18861111111111,0
                                    </coordinates>
                                </LineString>
                            </Placemark>
                                    
                            <Placemark>
                                <name>ECMLD (LEBL to EHAM)</name>
                                <Style>
                                    <LineStyle>
                                        <color>ffffc9e1</color>
                                        <width>3</width>
                                    </LineStyle>
                                </Style>
                                <LineString>
                                    <tessellate>1</tessellate>
                                    <altitudeMode>clampToGround</altitudeMode>
                                    <coordinates>
                                        2.0783333333333336,41.29694444444444,0 4.764166666666667,52.308055555555555,0
                                    </coordinates>
                                </LineString>
                            </Placemark>
                                    
                            <Placemark>
                                <name>ECMGF (LEBL to EDDF)</name>
                                <Style>
                                    <LineStyle>
                                        <color>ffffc9e1</color>
                                        <width>3</width>
                                    </LineStyle>
                                </Style>
                                <LineString>
                                    <tessellate>1</tessellate>
                                    <altitudeMode>clampToGround</altitudeMode>
                                    <coordinates>
                                        2.0783333333333336,41.29694444444444,0 8.570555555555556,50.03333333333333,0
                                    </coordinates>
                                </LineString>
                            </Placemark>
                                    
                            <Placemark>
                                <name>ECKMI (LEBL to LEZL)</name>
                                <Style>
                                    <LineStyle>
                                        <color>ffffc9e1</color>
                                        <width>3</width>
                                    </LineStyle>
                                </Style>
                                <LineString>
                                    <tessellate>1</tessellate>
                                    <altitudeMode>clampToGround</altitudeMode>
                                    <coordinates>
                                        2.0783333333333336,41.29694444444444,0 -5.898888888888888,37.418055555555554,0
                                    </coordinates>
                                </LineString>
                            </Placemark>
                                    
                            <Placemark>
                                <name>GEUYC (LEBL to EGLL)</name>
                                <Style>
                                    <LineStyle>
                                        <color>ffc9ffcc</color>
                                        <width>3</width>
                                    </LineStyle>
                                </Style>
                                <LineString>
                                    <tessellate>1</tessellate>
                                    <altitudeMode>clampToGround</altitudeMode>
                                    <coordinates>
                                        2.0783333333333336,41.29694444444444,0 -0.4613888888888889,51.4775,0
                                    </coordinates>
                                </LineString>
                            </Placemark>
                                    
                            <Placemark>
                                <name>GEZWZ (LEBL to EGKK)</name>
                                <Style>
                                    <LineStyle>
                                        <color>ffc9ffcc</color>
                                        <width>3</width>
                                    </LineStyle>
                                </Style>
                                <LineString>
                                    <tessellate>1</tessellate>
                                    <altitudeMode>clampToGround</altitudeMode>
                                    <coordinates>
                                        2.0783333333333336,41.29694444444444,0 -0.19027777777777777,51.14805555555556,0
                                    </coordinates>
                                </LineString>
                            </Placemark>
                                    
                            <Placemark>
                                <name>DAIRM (LEBL to EDDF)</name>
                                <Style>
                                    <LineStyle>
                                        <color>ffffc9e1</color>
                                        <width>3</width>
                                    </LineStyle>
                                </Style>
                                <LineString>
                                    <tessellate>1</tessellate>
                                    <altitudeMode>clampToGround</altitudeMode>
                                    <coordinates>
                                        2.0783333333333336,41.29694444444444,0 8.570555555555556,50.03333333333333,0
                                    </coordinates>
                                </LineString>
                            </Placemark>
                                    
                            <Placemark>
                                <name>ECLRY (LEBL to LEMD)</name>
                                <Style>
                                    <LineStyle>
                                        <color>ffffc9e1</color>
                                        <width>3</width>
                                    </LineStyle>
                                </Style>
                                <LineString>
                                    <tessellate>1</tessellate>
                                    <altitudeMode>clampToGround</altitudeMode>
                                    <coordinates>
                                        2.0783333333333336,41.29694444444444,0 -3.560833333333333,40.47222222222222,0
                                    </coordinates>
                                </LineString>
                            </Placemark>
                                    
                            <Placemark>
                                <name>ECLOB (LEBL to LFMN)</name>
                                <Style>
                                    <LineStyle>
                                        <color>ffffc9e1</color>
                                        <width>3</width>
                                    </LineStyle>
                                </Style>
                                <LineString>
                                    <tessellate>1</tessellate>
                                    <altitudeMode>clampToGround</altitudeMode>
                                    <coordinates>
                                        2.0783333333333336,41.29694444444444,0 7.215,43.665277777777774,0
                                    </coordinates>
                                </LineString>
                            </Placemark>
                                    
                            <Placemark>
                                <name>ECHUH (LEBL to LEMD)</name>
                                <Style>
                                    <LineStyle>
                                        <color>ffffc9e1</color>
                                        <width>3</width>
                                    </LineStyle>
                                </Style>
                                <LineString>
                                    <tessellate>1</tessellate>
                                    <altitudeMode>clampToGround</altitudeMode>
                                    <coordinates>
                                        2.0783333333333336,41.29694444444444,0 -3.560833333333333,40.47222222222222,0
                                    </coordinates>
                                </LineString>
                            </Placemark>
                                    
                            <Placemark>
                                <name>ECLQL (LEBL to EDDM)</name>
                                <Style>
                                    <LineStyle>
                                        <color>ffffc9e1</color>
                                        <width>3</width>
                                    </LineStyle>
                                </Style>
                                <LineString>
                                    <tessellate>1</tessellate>
                                    <altitudeMode>clampToGround</altitudeMode>
                                    <coordinates>
                                        2.0783333333333336,41.29694444444444,0 11.786111111111111,48.35388888888889,0
                                    </coordinates>
                                </LineString>
                            </Placemark>
                                    
                            <Placemark>
                                <name>ECJTQ (LEBL to LEVX)</name>
                                <Style>
                                    <LineStyle>
                                        <color>ffffc9e1</color>
                                        <width>3</width>
                                    </LineStyle>
                                </Style>
                                <LineString>
                                    <tessellate>1</tessellate>
                                    <altitudeMode>clampToGround</altitudeMode>
                                    <coordinates>
                                        2.0783333333333336,41.29694444444444,0 -8.627500000000001,42.22916666666667,0
                                    </coordinates>
                                </LineString>
                            </Placemark>
                                    
                            <Placemark>
                                <name>ECLZF (LEBL to LEMH)</name>
                                <Style>
                                    <LineStyle>
                                        <color>ffffc9e1</color>
                                        <width>3</width>
                                    </LineStyle>
                                </Style>
                                <LineString>
                                    <tessellate>1</tessellate>
                                    <altitudeMode>clampToGround</altitudeMode>
                                    <coordinates>
                                        2.0783333333333336,41.29694444444444,0 4.2186111111111115,39.862500000000004,0
                                    </coordinates>
                                </LineString>
                            </Placemark>
                                    
                            <Placemark>
                                <name>ECLZO (LEBL to EGKK)</name>
                                <Style>
                                    <LineStyle>
                                        <color>ffc9ffcc</color>
                                        <width>3</width>
                                    </LineStyle>
                                </Style>
                                <LineString>
                                    <tessellate>1</tessellate>
                                    <altitudeMode>clampToGround</altitudeMode>
                                    <coordinates>
                                        2.0783333333333336,41.29694444444444,0 -0.19027777777777777,51.14805555555556,0
                                    </coordinates>
                                </LineString>
                            </Placemark>
                                    
                            <Placemark>
                                <name>GEZTA (LEBL to LFSB)</name>
                                <Style>
                                    <LineStyle>
                                        <color>ffffc9e1</color>
                                        <width>3</width>
                                    </LineStyle>
                                </Style>
                                <LineString>
                                    <tessellate>1</tessellate>
                                    <altitudeMode>clampToGround</altitudeMode>
                                    <coordinates>
                                        2.0783333333333336,41.29694444444444,0 7.529166666666667,47.59,0
                                    </coordinates>
                                </LineString>
                            </Placemark>
                                    
                            <Placemark>
                                <name>ECMKN (LEBL to LSGG)</name>
                                <Style>
                                    <LineStyle>
                                        <color>ffffc9e1</color>
                                        <width>3</width>
                                    </LineStyle>
                                </Style>
                                <LineString>
                                    <tessellate>1</tessellate>
                                    <altitudeMode>clampToGround</altitudeMode>
                                    <coordinates>
                                        2.0783333333333336,41.29694444444444,0 6.109444444444444,46.23833333333334,0
                                    </coordinates>
                                </LineString>
                            </Placemark>
                                    
                            <Placemark>
                                <name>ECMIQ (LEBL to LIRQ)</name>
                                <Style>
                                    <LineStyle>
                                        <color>ffffc9e1</color>
                                        <width>3</width>
                                    </LineStyle>
                                </Style>
                                <LineString>
                                    <tessellate>1</tessellate>
                                    <altitudeMode>clampToGround</altitudeMode>
                                    <coordinates>
                                        2.0783333333333336,41.29694444444444,0 11.202777777777778,43.808611111111105,0
                                    </coordinates>
                                </LineString>
                            </Placemark>
                                    
                            <Placemark>
                                <name>ECHQI (LEBL to LIRF)</name>
                                <Style>
                                    <LineStyle>
                                        <color>ffffc9e1</color>
                                        <width>3</width>
                                    </LineStyle>
                                </Style>
                                <LineString>
                                    <tessellate>1</tessellate>
                                    <altitudeMode>clampToGround</altitudeMode>
                                    <coordinates>
                                        2.0783333333333336,41.29694444444444,0 12.238888888888889,41.80027777777777,0
                                    </coordinates>
                                </LineString>
                            </Placemark>
                                    
                            <Placemark>
                                <name>ECLRN (LEBL to LFPG)</name>
                                <Style>
                                    <LineStyle>
                                        <color>ffffc9e1</color>
                                        <width>3</width>
                                    </LineStyle>
                                </Style>
                                <LineString>
                                    <tessellate>1</tessellate>
                                    <altitudeMode>clampToGround</altitudeMode>
                                    <coordinates>
                                        2.0783333333333336,41.29694444444444,0 2.5477777777777777,49.00972222222222,0
                                    </coordinates>
                                </LineString>
                            </Placemark>
                                    
                            <Placemark>
                                <name>ECMBE (LEBL to LSZH)</name>
                                <Style>
                                    <LineStyle>
                                        <color>ffffc9e1</color>
                                        <width>3</width>
                                    </LineStyle>
                                </Style>
                                <LineString>
                                    <tessellate>1</tessellate>
                                    <altitudeMode>clampToGround</altitudeMode>
                                    <coordinates>
                                        2.0783333333333336,41.29694444444444,0 8.548055555555555,47.45805555555556,0
                                    </coordinates>
                                </LineString>
                            </Placemark>
                                    
                            <Placemark>
                                <name>EIDHX (LEBL to LIPE)</name>
                                <Style>
                                    <LineStyle>
                                        <color>ffffc9e1</color>
                                        <width>3</width>
                                    </LineStyle>
                                </Style>
                                <LineString>
                                    <tessellate>1</tessellate>
                                    <altitudeMode>clampToGround</altitudeMode>
                                    <coordinates>
                                        2.0783333333333336,41.29694444444444,0 11.296944444444444,44.530833333333334,0
                                    </coordinates>
                                </LineString>
                            </Placemark>
                                    
                            <Placemark>
                                <name>ECLRM (LEBL to EGBB)</name>
                                <Style>
                                    <LineStyle>
                                        <color>ffc9ffcc</color>
                                        <width>3</width>
                                    </LineStyle>
                                </Style>
                                <LineString>
                                    <tessellate>1</tessellate>
                                    <altitudeMode>clampToGround</altitudeMode>
                                    <coordinates>
                                        2.0783333333333336,41.29694444444444,0 -1.7480555555555557,52.45388888888889,0
                                    </coordinates>
                                </LineString>
                            </Placemark>
                                    
                            <Placemark>
                                <name>ECLVP (LEBL to LKPR)</name>
                                <Style>
                                    <LineStyle>
                                        <color>ffffc9e1</color>
                                        <width>3</width>
                                    </LineStyle>
                                </Style>
                                <LineString>
                                    <tessellate>1</tessellate>
                                    <altitudeMode>clampToGround</altitudeMode>
                                    <coordinates>
                                        2.0783333333333336,41.29694444444444,0 14.26,50.100833333333334,0
                                    </coordinates>
                                </LineString>
                            </Placemark>
                                    
                            <Placemark>
                                <name>FF111 (LEBL to LFMN)</name>
                                <Style>
                                    <LineStyle>
                                        <color>ffffc9e1</color>
                                        <width>3</width>
                                    </LineStyle>
                                </Style>
                                <LineString>
                                    <tessellate>1</tessellate>
                                    <altitudeMode>clampToGround</altitudeMode>
                                    <coordinates>
                                        2.0783333333333336,41.29694444444444,0 7.215,43.665277777777774,0
                                    </coordinates>
                                </LineString>
                            </Placemark>
                                    
                            <Placemark>
                                <name>ECJBX (LEBL to LEPA)</name>
                                <Style>
                                    <LineStyle>
                                        <color>ffffc9e1</color>
                                        <width>3</width>
                                    </LineStyle>
                                </Style>
                                <LineString>
                                    <tessellate>1</tessellate>
                                    <altitudeMode>clampToGround</altitudeMode>
                                    <coordinates>
                                        2.0783333333333336,41.29694444444444,0 2.738888888888889,39.55166666666666,0
                                    </coordinates>
                                </LineString>
                            </Placemark>
                                    
                            <Placemark>
                                <name>ECJRE (LEBL to LEMD)</name>
                                <Style>
                                    <LineStyle>
                                        <color>ffffc9e1</color>
                                        <width>3</width>
                                    </LineStyle>
                                </Style>
                                <LineString>
                                    <tessellate>1</tessellate>
                                    <altitudeMode>clampToGround</altitudeMode>
                                    <coordinates>
                                        2.0783333333333336,41.29694444444444,0 -3.560833333333333,40.47222222222222,0
                                    </coordinates>
                                </LineString>
                            </Placemark>
                                    
                            <Placemark>
                                <name>DAIDP (LEBL to EDDM)</name>
                                <Style>
                                    <LineStyle>
                                        <color>ffffc9e1</color>
                                        <width>3</width>
                                    </LineStyle>
                                </Style>
                                <LineString>
                                    <tessellate>1</tessellate>
                                    <altitudeMode>clampToGround</altitudeMode>
                                    <coordinates>
                                        2.0783333333333336,41.29694444444444,0 11.786111111111111,48.35388888888889,0
                                    </coordinates>
                                </LineString>
                            </Placemark>
                                    
                            <Placemark>
                                <name>ECKLT (LEBL to LEMD)</name>
                                <Style>
                                    <LineStyle>
                                        <color>ffffc9e1</color>
                                        <width>3</width>
                                    </LineStyle>
                                </Style>
                                <LineString>
                                    <tessellate>1</tessellate>
                                    <altitudeMode>clampToGround</altitudeMode>
                                    <coordinates>
                                        2.0783333333333336,41.29694444444444,0 -3.560833333333333,40.47222222222222,0
                                    </coordinates>
                                </LineString>
                            </Placemark>
                                    
                            <Placemark>
                                <name>EIDPG (LEBL to LEPA)</name>
                                <Style>
                                    <LineStyle>
                                        <color>ffffc9e1</color>
                                        <width>3</width>
                                    </LineStyle>
                                </Style>
                                <LineString>
                                    <tessellate>1</tessellate>
                                    <altitudeMode>clampToGround</altitudeMode>
                                    <coordinates>
                                        2.0783333333333336,41.29694444444444,0 2.738888888888889,39.55166666666666,0
                                    </coordinates>
                                </LineString>
                            </Placemark>
                                    
                            <Placemark>
                                <name>EIFJN (LEBL to GCXO)</name>
                                <Style>
                                    <LineStyle>
                                        <color>ffc9ffcc</color>
                                        <width>3</width>
                                    </LineStyle>
                                </Style>
                                <LineString>
                                    <tessellate>1</tessellate>
                                    <altitudeMode>clampToGround</altitudeMode>
                                    <coordinates>
                                        2.0783333333333336,41.29694444444444,0 -16.341666666666665,28.482777777777777,0
                                    </coordinates>
                                </LineString>
                            </Placemark>
                                    
                            <Placemark>
                                <name>EIFJP (LEBL to LEBB)</name>
                                <Style>
                                    <LineStyle>
                                        <color>ffffc9e1</color>
                                        <width>3</width>
                                    </LineStyle>
                                </Style>
                                <LineString>
                                    <tessellate>1</tessellate>
                                    <altitudeMode>clampToGround</altitudeMode>
                                    <coordinates>
                                        2.0783333333333336,41.29694444444444,0 -2.9105555555555553,43.301111111111105,0
                                    </coordinates>
                                </LineString>
                            </Placemark>
                                    
                            <Placemark>
                                <name>DAISV (LEBL to EDDF)</name>
                                <Style>
                                    <LineStyle>
                                        <color>ffffc9e1</color>
                                        <width>3</width>
                                    </LineStyle>
                                </Style>
                                <LineString>
                                    <tessellate>1</tessellate>
                                    <altitudeMode>clampToGround</altitudeMode>
                                    <coordinates>
                                        2.0783333333333336,41.29694444444444,0 8.570555555555556,50.03333333333333,0
                                    </coordinates>
                                </LineString>
                            </Placemark>
                                    
                            <Placemark>
                                <name>EIFJM (LEBL to ESSA)</name>
                                <Style>
                                    <LineStyle>
                                        <color>ffffc9e1</color>
                                        <width>3</width>
                                    </LineStyle>
                                </Style>
                                <LineString>
                                    <tessellate>1</tessellate>
                                    <altitudeMode>clampToGround</altitudeMode>
                                    <coordinates>
                                        2.0783333333333336,41.29694444444444,0 17.91861111111111,59.651944444444446,0
                                    </coordinates>
                                </LineString>
                            </Placemark>
                                    
                            <Placemark>
                                <name>EIFJL (LEBL to ENBR)</name>
                                <Style>
                                    <LineStyle>
                                        <color>ffffc9e1</color>
                                        <width>3</width>
                                    </LineStyle>
                                </Style>
                                <LineString>
                                    <tessellate>1</tessellate>
                                    <altitudeMode>clampToGround</altitudeMode>
                                    <coordinates>
                                        2.0783333333333336,41.29694444444444,0 5.218055555555556,60.29361111111111,0
                                    </coordinates>
                                </LineString>
                            </Placemark>
                                    
                            <Placemark>
                                <name>ECMKX (LEBL to LFPO)</name>
                                <Style>
                                    <LineStyle>
                                        <color>ffffc9e1</color>
                                        <width>3</width>
                                    </LineStyle>
                                </Style>
                                <LineString>
                                    <tessellate>1</tessellate>
                                    <altitudeMode>clampToGround</altitudeMode>
                                    <coordinates>
                                        2.0783333333333336,41.29694444444444,0 2.3794444444444447,48.723333333333336,0
                                    </coordinates>
                                </LineString>
                            </Placemark>
                                    
                            <Placemark>
                                <name>EIENL (LEBL to GMMX)</name>
                                <Style>
                                    <LineStyle>
                                        <color>ffc9ffcc</color>
                                        <width>3</width>
                                    </LineStyle>
                                </Style>
                                <LineString>
                                    <tessellate>1</tessellate>
                                    <altitudeMode>clampToGround</altitudeMode>
                                    <coordinates>
                                        2.0783333333333336,41.29694444444444,0 -8.040833333333333,31.608611111111113,0
                                    </coordinates>
                                </LineString>
                            </Placemark>
                                    
                            <Placemark>
                                <name>EIFHS (LEBL to ENGM)</name>
                                <Style>
                                    <LineStyle>
                                        <color>ffffc9e1</color>
                                        <width>3</width>
                                    </LineStyle>
                                </Style>
                                <LineString>
                                    <tessellate>1</tessellate>
                                    <altitudeMode>clampToGround</altitudeMode>
                                    <coordinates>
                                        2.0783333333333336,41.29694444444444,0 11.08388888888889,60.20277777777778,0
                                    </coordinates>
                                </LineString>
                            </Placemark>
                                    
                            <Placemark>
                                <name>EIFJK (LEBL to EFHK)</name>
                                <Style>
                                    <LineStyle>
                                        <color>ffffc9e1</color>
                                        <width>3</width>
                                    </LineStyle>
                                </Style>
                                <LineString>
                                    <tessellate>1</tessellate>
                                    <altitudeMode>clampToGround</altitudeMode>
                                    <coordinates>
                                        2.0783333333333336,41.29694444444444,0 24.96333333333333,60.31722222222223,0
                                    </coordinates>
                                </LineString>
                            </Placemark>
                                    
                            <Placemark>
                                <name>ECLZE (LEBL to LFQQ)</name>
                                <Style>
                                    <LineStyle>
                                        <color>ffffc9e1</color>
                                        <width>3</width>
                                    </LineStyle>
                                </Style>
                                <LineString>
                                    <tessellate>1</tessellate>
                                    <altitudeMode>clampToGround</altitudeMode>
                                    <coordinates>
                                        2.0783333333333336,41.29694444444444,0 3.0869444444444447,50.56333333333333,0
                                    </coordinates>
                                </LineString>
                            </Placemark>
                                    
                            <Placemark>
                                <name>ECLTG (LEBL to ETNL)</name>
                                <Style>
                                    <LineStyle>
                                        <color>ffc9ffcc</color>
                                        <width>3</width>
                                    </LineStyle>
                                </Style>
                                <LineString>
                                    <tessellate>1</tessellate>
                                    <altitudeMode>clampToGround</altitudeMode>
                                    <coordinates>
                                        2.0783333333333336,41.29694444444444,0 12.278333333333334,53.91916666666666,0
                                    </coordinates>
                                </LineString>
                            </Placemark>
                                    
                            <Placemark>
                                <name>DIMRB (LEBL to EDDS)</name>
                                <Style>
                                    <LineStyle>
                                        <color>ffffc9e1</color>
                                        <width>3</width>
                                    </LineStyle>
                                </Style>
                                <LineString>
                                    <tessellate>1</tessellate>
                                    <altitudeMode>clampToGround</altitudeMode>
                                    <coordinates>
                                        2.0783333333333336,41.29694444444444,0 9.221944444444444,48.69,0
                                    </coordinates>
                                </LineString>
                            </Placemark>
                                    
                            <Placemark>
                                <name>OYRUP (LEBL to GCXO)</name>
                                <Style>
                                    <LineStyle>
                                        <color>ffc9ffcc</color>
                                        <width>3</width>
                                    </LineStyle>
                                </Style>
                                <LineString>
                                    <tessellate>1</tessellate>
                                    <altitudeMode>clampToGround</altitudeMode>
                                    <coordinates>
                                        2.0783333333333336,41.29694444444444,0 -16.341666666666665,28.482777777777777,0
                                    </coordinates>
                                </LineString>
                            </Placemark>
                                    
                            <Placemark>
                                <name>ECLYB (LEBL to LEMH)</name>
                                <Style>
                                    <LineStyle>
                                        <color>ffffc9e1</color>
                                        <width>3</width>
                                    </LineStyle>
                                </Style>
                                <LineString>
                                    <tessellate>1</tessellate>
                                    <altitudeMode>clampToGround</altitudeMode>
                                    <coordinates>
                                        2.0783333333333336,41.29694444444444,0 4.2186111111111115,39.862500000000004,0
                                    </coordinates>
                                </LineString>
                            </Placemark>
                                    
                            <Placemark>
                                <name>GEZWE (LEBL to LIMC)</name>
                                <Style>
                                    <LineStyle>
                                        <color>ffffc9e1</color>
                                        <width>3</width>
                                    </LineStyle>
                                </Style>
                                <LineString>
                                    <tessellate>1</tessellate>
                                    <altitudeMode>clampToGround</altitudeMode>
                                    <coordinates>
                                        2.0783333333333336,41.29694444444444,0 8.723055555555556,45.63,0
                                    </coordinates>
                                </LineString>
                            </Placemark>
                                    
                            <Placemark>
                                <name>ECLVV (LEBL to LEPA)</name>
                                <Style>
                                    <LineStyle>
                                        <color>ffffc9e1</color>
                                        <width>3</width>
                                    </LineStyle>
                                </Style>
                                <LineString>
                                    <tessellate>1</tessellate>
                                    <altitudeMode>clampToGround</altitudeMode>
                                    <coordinates>
                                        2.0783333333333336,41.29694444444444,0 2.738888888888889,39.55166666666666,0
                                    </coordinates>
                                </LineString>
                            </Placemark>
                                    
                            <Placemark>
                                <name>ECJLI (LEBL to LEMD)</name>
                                <Style>
                                    <LineStyle>
                                        <color>ffffc9e1</color>
                                        <width>3</width>
                                    </LineStyle>
                                </Style>
                                <LineString>
                                    <tessellate>1</tessellate>
                                    <altitudeMode>clampToGround</altitudeMode>
                                    <coordinates>
                                        2.0783333333333336,41.29694444444444,0 -3.560833333333333,40.47222222222222,0
                                    </coordinates>
                                </LineString>
                            </Placemark>
                                    
                            <Placemark>
                                <name>GEZAT (LEBL to LFBD)</name>
                                <Style>
                                    <LineStyle>
                                        <color>ffffc9e1</color>
                                        <width>3</width>
                                    </LineStyle>
                                </Style>
                                <LineString>
                                    <tessellate>1</tessellate>
                                    <altitudeMode>clampToGround</altitudeMode>
                                    <coordinates>
                                        2.0783333333333336,41.29694444444444,0 -0.7152777777777777,44.828611111111115,0
                                    </coordinates>
                                </LineString>
                            </Placemark>
                                    
                            <Placemark>
                                <name>ECLXV (LEBL to LEPA)</name>
                                <Style>
                                    <LineStyle>
                                        <color>ffffc9e1</color>
                                        <width>3</width>
                                    </LineStyle>
                                </Style>
                                <LineString>
                                    <tessellate>1</tessellate>
                                    <altitudeMode>clampToGround</altitudeMode>
                                    <coordinates>
                                        2.0783333333333336,41.29694444444444,0 2.738888888888889,39.55166666666666,0
                                    </coordinates>
                                </LineString>
                            </Placemark>
                                    
                            <Placemark>
                                <name>EIFOG (LEBL to LEZL)</name>
                                <Style>
                                    <LineStyle>
                                        <color>ffffc9e1</color>
                                        <width>3</width>
                                    </LineStyle>
                                </Style>
                                <LineString>
                                    <tessellate>1</tessellate>
                                    <altitudeMode>clampToGround</altitudeMode>
                                    <coordinates>
                                        2.0783333333333336,41.29694444444444,0 -5.898888888888888,37.418055555555554,0
                                    </coordinates>
                                </LineString>
                            </Placemark>
                                    
                            <Placemark>
                                <name>PHXRD (LEBL to EHAM)</name>
                                <Style>
                                    <LineStyle>
                                        <color>ffffc9e1</color>
                                        <width>3</width>
                                    </LineStyle>
                                </Style>
                                <LineString>
                                    <tessellate>1</tessellate>
                                    <altitudeMode>clampToGround</altitudeMode>
                                    <coordinates>
                                        2.0783333333333336,41.29694444444444,0 4.764166666666667,52.308055555555555,0
                                    </coordinates>
                                </LineString>
                            </Placemark>
                                    
                            <Placemark>
                                <name>DAEBP (LEBL to EDDM)</name>
                                <Style>
                                    <LineStyle>
                                        <color>ffffc9e1</color>
                                        <width>3</width>
                                    </LineStyle>
                                </Style>
                                <LineString>
                                    <tessellate>1</tessellate>
                                    <altitudeMode>clampToGround</altitudeMode>
                                    <coordinates>
                                        2.0783333333333336,41.29694444444444,0 11.786111111111111,48.35388888888889,0
                                    </coordinates>
                                </LineString>
                            </Placemark>
                                    
                            <Placemark>
                                <name>ECMJZ (LEBL to LEBZ)</name>
                                <Style>
                                    <LineStyle>
                                        <color>ffffc9e1</color>
                                        <width>3</width>
                                    </LineStyle>
                                </Style>
                                <LineString>
                                    <tessellate>1</tessellate>
                                    <altitudeMode>clampToGround</altitudeMode>
                                    <coordinates>
                                        2.0783333333333336,41.29694444444444,0 -6.8213888888888885,38.89138888888889,0
                                    </coordinates>
                                </LineString>
                            </Placemark>
                                    
                            <Placemark>
                                <name>OOJEM (LEBL to EBAW)</name>
                                <Style>
                                    <LineStyle>
                                        <color>ffffc9e1</color>
                                        <width>3</width>
                                    </LineStyle>
                                </Style>
                                <LineString>
                                    <tessellate>1</tessellate>
                                    <altitudeMode>clampToGround</altitudeMode>
                                    <coordinates>
                                        2.0783333333333336,41.29694444444444,0 4.460277777777778,51.18944444444444,0
                                    </coordinates>
                                </LineString>
                            </Placemark>
                                    
                            <Placemark>
                                <name>DAIQE (LEBL to EDDS)</name>
                                <Style>
                                    <LineStyle>
                                        <color>ffffc9e1</color>
                                        <width>3</width>
                                    </LineStyle>
                                </Style>
                                <LineString>
                                    <tessellate>1</tessellate>
                                    <altitudeMode>clampToGround</altitudeMode>
                                    <coordinates>
                                        2.0783333333333336,41.29694444444444,0 9.221944444444444,48.69,0
                                    </coordinates>
                                </LineString>
                            </Placemark>
                                    
                            <Placemark>
                                <name>GRAJG (LEBL to EBOS)</name>
                                <Style>
                                    <LineStyle>
                                        <color>ffffc9e1</color>
                                        <width>3</width>
                                    </LineStyle>
                                </Style>
                                <LineString>
                                    <tessellate>1</tessellate>
                                    <altitudeMode>clampToGround</altitudeMode>
                                    <coordinates>
                                        2.0783333333333336,41.29694444444444,0 2.8622222222222224,51.19888888888889,0
                                    </coordinates>
                                </LineString>
                            </Placemark>
                                    
                            <Placemark>
                                <name>HALXH (LEBL to LHBP)</name>
                                <Style>
                                    <LineStyle>
                                        <color>ffffc9e1</color>
                                        <width>3</width>
                                    </LineStyle>
                                </Style>
                                <LineString>
                                    <tessellate>1</tessellate>
                                    <altitudeMode>clampToGround</altitudeMode>
                                    <coordinates>
                                        2.0783333333333336,41.29694444444444,0 19.261944444444445,47.43944444444444,0
                                    </coordinates>
                                </LineString>
                            </Placemark>
                                    
                            <Placemark>
                                <name>OOSSW (LEBL to EBBR)</name>
                                <Style>
                                    <LineStyle>
                                        <color>ffffc9e1</color>
                                        <width>3</width>
                                    </LineStyle>
                                </Style>
                                <LineString>
                                    <tessellate>1</tessellate>
                                    <altitudeMode>clampToGround</altitudeMode>
                                    <coordinates>
                                        2.0783333333333336,41.29694444444444,0 4.484444444444445,50.90138888888889,0
                                    </coordinates>
                                </LineString>
                            </Placemark>
                                    
                            <Placemark>
                                <name>ECMGY (LEBL to EPWA)</name>
                                <Style>
                                    <LineStyle>
                                        <color>ffffc9e1</color>
                                        <width>3</width>
                                    </LineStyle>
                                </Style>
                                <LineString>
                                    <tessellate>1</tessellate>
                                    <altitudeMode>clampToGround</altitudeMode>
                                    <coordinates>
                                        2.0783333333333336,41.29694444444444,0 20.96722222222222,52.16583333333333,0
                                    </coordinates>
                                </LineString>
                            </Placemark>
                                    
                            <Placemark>
                                <name>ECJGM (LEBL to LEBB)</name>
                                <Style>
                                    <LineStyle>
                                        <color>ffffc9e1</color>
                                        <width>3</width>
                                    </LineStyle>
                                </Style>
                                <LineString>
                                    <tessellate>1</tessellate>
                                    <altitudeMode>clampToGround</altitudeMode>
                                    <coordinates>
                                        2.0783333333333336,41.29694444444444,0 -2.9105555555555553,43.301111111111105,0
                                    </coordinates>
                                </LineString>
                            </Placemark>
                                    
                            <Placemark>
                                <name>ECMAI (LEBL to LEIB)</name>
                                <Style>
                                    <LineStyle>
                                        <color>ffffc9e1</color>
                                        <width>3</width>
                                    </LineStyle>
                                </Style>
                                <LineString>
                                    <tessellate>1</tessellate>
                                    <altitudeMode>clampToGround</altitudeMode>
                                    <coordinates>
                                        2.0783333333333336,41.29694444444444,0 1.3730555555555557,38.87277777777778,0
                                    </coordinates>
                                </LineString>
                            </Placemark>
                                    
                            <Placemark>
                                <name>ECMBS (LEBL to LEZL)</name>
                                <Style>
                                    <LineStyle>
                                        <color>ffffc9e1</color>
                                        <width>3</width>
                                    </LineStyle>
                                </Style>
                                <LineString>
                                    <tessellate>1</tessellate>
                                    <altitudeMode>clampToGround</altitudeMode>
                                    <coordinates>
                                        2.0783333333333336,41.29694444444444,0 -5.898888888888888,37.418055555555554,0
                                    </coordinates>
                                </LineString>
                            </Placemark>
                                    
                            <Placemark>
                                <name>EIFJN (LEBL to EDDB)</name>
                                <Style>
                                    <LineStyle>
                                        <color>ffffc9e1</color>
                                        <width>3</width>
                                    </LineStyle>
                                </Style>
                                <LineString>
                                    <tessellate>1</tessellate>
                                    <altitudeMode>clampToGround</altitudeMode>
                                    <coordinates>
                                        2.0783333333333336,41.29694444444444,0 13.500555555555556,52.36222222222222,0
                                    </coordinates>
                                </LineString>
                            </Placemark>
                                    
                            <Placemark>
                                <name>DABZA (LEBL to EDDL)</name>
                                <Style>
                                    <LineStyle>
                                        <color>ffffc9e1</color>
                                        <width>3</width>
                                    </LineStyle>
                                </Style>
                                <LineString>
                                    <tessellate>1</tessellate>
                                    <altitudeMode>clampToGround</altitudeMode>
                                    <coordinates>
                                        2.0783333333333336,41.29694444444444,0 6.7572222222222225,51.280833333333334,0
                                    </coordinates>
                                </LineString>
                            </Placemark>
                                    
                            <Placemark>
                                <name>ECJYX (LEBL to EHAM)</name>
                                <Style>
                                    <LineStyle>
                                        <color>ffffc9e1</color>
                                        <width>3</width>
                                    </LineStyle>
                                </Style>
                                <LineString>
                                    <tessellate>1</tessellate>
                                    <altitudeMode>clampToGround</altitudeMode>
                                    <coordinates>
                                        2.0783333333333336,41.29694444444444,0 4.764166666666667,52.308055555555555,0
                                    </coordinates>
                                </LineString>
                            </Placemark>
                                    
                            <Placemark>
                                <name>ECJQZ (LEBL to LEMD)</name>
                                <Style>
                                    <LineStyle>
                                        <color>ffffc9e1</color>
                                        <width>3</width>
                                    </LineStyle>
                                </Style>
                                <LineString>
                                    <tessellate>1</tessellate>
                                    <altitudeMode>clampToGround</altitudeMode>
                                    <coordinates>
                                        2.0783333333333336,41.29694444444444,0 -3.560833333333333,40.47222222222222,0
                                    </coordinates>
                                </LineString>
                            </Placemark>
                                    
                            <Placemark>
                                <name>EIENM (LEBL to EDDB)</name>
                                <Style>
                                    <LineStyle>
                                        <color>ffffc9e1</color>
                                        <width>3</width>
                                    </LineStyle>
                                </Style>
                                <LineString>
                                    <tessellate>1</tessellate>
                                    <altitudeMode>clampToGround</altitudeMode>
                                    <coordinates>
                                        2.0783333333333336,41.29694444444444,0 13.500555555555556,52.36222222222222,0
                                    </coordinates>
                                </LineString>
                            </Placemark>
                                    
                            <Placemark>
                                <name>ECKRH (LEBL to LEMH)</name>
                                <Style>
                                    <LineStyle>
                                        <color>ffffc9e1</color>
                                        <width>3</width>
                                    </LineStyle>
                                </Style>
                                <LineString>
                                    <tessellate>1</tessellate>
                                    <altitudeMode>clampToGround</altitudeMode>
                                    <coordinates>
                                        2.0783333333333336,41.29694444444444,0 4.2186111111111115,39.862500000000004,0
                                    </coordinates>
                                </LineString>
                            </Placemark>
                                    
                            <Placemark>
                                <name>ECMLM (LEBL to LFPO)</name>
                                <Style>
                                    <LineStyle>
                                        <color>ffffc9e1</color>
                                        <width>3</width>
                                    </LineStyle>
                                </Style>
                                <LineString>
                                    <tessellate>1</tessellate>
                                    <altitudeMode>clampToGround</altitudeMode>
                                    <coordinates>
                                        2.0783333333333336,41.29694444444444,0 2.3794444444444447,48.723333333333336,0
                                    </coordinates>
                                </LineString>
                            </Placemark>
                                    
                            <Placemark>
                                <name>ECMBD (LEBL to LIRF)</name>
                                <Style>
                                    <LineStyle>
                                        <color>ffffc9e1</color>
                                        <width>3</width>
                                    </LineStyle>
                                </Style>
                                <LineString>
                                    <tessellate>1</tessellate>
                                    <altitudeMode>clampToGround</altitudeMode>
                                    <coordinates>
                                        2.0783333333333336,41.29694444444444,0 12.238888888888889,41.80027777777777,0
                                    </coordinates>
                                </LineString>
                            </Placemark>
                                    
                            <Placemark>
                                <name>DAIPZ (LEBL to EDDL)</name>
                                <Style>
                                    <LineStyle>
                                        <color>ffffc9e1</color>
                                        <width>3</width>
                                    </LineStyle>
                                </Style>
                                <LineString>
                                    <tessellate>1</tessellate>
                                    <altitudeMode>clampToGround</altitudeMode>
                                    <coordinates>
                                        2.0783333333333336,41.29694444444444,0 6.7572222222222225,51.280833333333334,0
                                    </coordinates>
                                </LineString>
                            </Placemark>
                                    
                            <Placemark>
                                <name>ECMBT (LEBL to LEPA)</name>
                                <Style>
                                    <LineStyle>
                                        <color>ffffc9e1</color>
                                        <width>3</width>
                                    </LineStyle>
                                </Style>
                                <LineString>
                                    <tessellate>1</tessellate>
                                    <altitudeMode>clampToGround</altitudeMode>
                                    <coordinates>
                                        2.0783333333333336,41.29694444444444,0 2.738888888888889,39.55166666666666,0
                                    </coordinates>
                                </LineString>
                            </Placemark>
                                    
                            <Placemark>
                                <name>HBIOK (LEBL to LSZH)</name>
                                <Style>
                                    <LineStyle>
                                        <color>ffffc9e1</color>
                                        <width>3</width>
                                    </LineStyle>
                                </Style>
                                <LineString>
                                    <tessellate>1</tessellate>
                                    <altitudeMode>clampToGround</altitudeMode>
                                    <coordinates>
                                        2.0783333333333336,41.29694444444444,0 8.548055555555555,47.45805555555556,0
                                    </coordinates>
                                </LineString>
                            </Placemark>
                                    
                            <Placemark>
                                <name>DAGWT (LEBL to EDDV)</name>
                                <Style>
                                    <LineStyle>
                                        <color>ffffc9e1</color>
                                        <width>3</width>
                                    </LineStyle>
                                </Style>
                                <LineString>
                                    <tessellate>1</tessellate>
                                    <altitudeMode>clampToGround</altitudeMode>
                                    <coordinates>
                                        2.0783333333333336,41.29694444444444,0 9.68361111111111,52.46027777777778,0
                                    </coordinates>
                                </LineString>
                            </Placemark>
                                    
                            <Placemark>
                                <name>ECLAE (LEBL to LGKR)</name>
                                <Style>
                                    <LineStyle>
                                        <color>ffffc9e1</color>
                                        <width>3</width>
                                    </LineStyle>
                                </Style>
                                <LineString>
                                    <tessellate>1</tessellate>
                                    <altitudeMode>clampToGround</altitudeMode>
                                    <coordinates>
                                        2.0783333333333336,41.29694444444444,0 19.91222222222222,39.60194444444445,0
                                    </coordinates>
                                </LineString>
                            </Placemark>
                                    
                            <Placemark>
                                <name>PHHSK (LEBL to EHEH)</name>
                                <Style>
                                    <LineStyle>
                                        <color>ffffc9e1</color>
                                        <width>3</width>
                                    </LineStyle>
                                </Style>
                                <LineString>
                                    <tessellate>1</tessellate>
                                    <altitudeMode>clampToGround</altitudeMode>
                                    <coordinates>
                                        2.0783333333333336,41.29694444444444,0 5.374444444444444,51.45,0
                                    </coordinates>
                                </LineString>
                            </Placemark>
                                    
                            <Placemark>
                                <name>EIEKL (LEBL to LPPR)</name>
                                <Style>
                                    <LineStyle>
                                        <color>ffffc9e1</color>
                                        <width>3</width>
                                    </LineStyle>
                                </Style>
                                <LineString>
                                    <tessellate>1</tessellate>
                                    <altitudeMode>clampToGround</altitudeMode>
                                    <coordinates>
                                        2.0783333333333336,41.29694444444444,0 -8.678055555555554,41.23555555555556,0
                                    </coordinates>
                                </LineString>
                            </Placemark>
                                    
                            <Placemark>
                                <name>ECLUL (LEBL to LEMD)</name>
                                <Style>
                                    <LineStyle>
                                        <color>ffffc9e1</color>
                                        <width>3</width>
                                    </LineStyle>
                                </Style>
                                <LineString>
                                    <tessellate>1</tessellate>
                                    <altitudeMode>clampToGround</altitudeMode>
                                    <coordinates>
                                        2.0783333333333336,41.29694444444444,0 -3.560833333333333,40.47222222222222,0
                                    </coordinates>
                                </LineString>
                            </Placemark>
                                    
                            <Placemark>
                                <name>VQBTN (LEBL to UUEE)</name>
                                <Style>
                                    <LineStyle>
                                        <color>ffc9ffcc</color>
                                        <width>3</width>
                                    </LineStyle>
                                </Style>
                                <LineString>
                                    <tessellate>1</tessellate>
                                    <altitudeMode>clampToGround</altitudeMode>
                                    <coordinates>
                                        2.0783333333333336,41.29694444444444,0 37.41305555555555,55.972500000000004,0
                                    </coordinates>
                                </LineString>
                            </Placemark>
                                    
                            <Placemark>
                                <name>OELBR (LEBL to LOWW)</name>
                                <Style>
                                    <LineStyle>
                                        <color>ffffc9e1</color>
                                        <width>3</width>
                                    </LineStyle>
                                </Style>
                                <LineString>
                                    <tessellate>1</tessellate>
                                    <altitudeMode>clampToGround</altitudeMode>
                                    <coordinates>
                                        2.0783333333333336,41.29694444444444,0 16.56972222222222,48.11027777777778,0
                                    </coordinates>
                                </LineString>
                            </Placemark>
                                    
                            <Placemark>
                                <name>N761AJ (LEBL to KJFK)</name>
                                <Style>
                                    <LineStyle>
                                        <color>ffc9ffcc</color>
                                        <width>3</width>
                                    </LineStyle>
                                </Style>
                                <LineString>
                                    <tessellate>1</tessellate>
                                    <altitudeMode>clampToGround</altitudeMode>
                                    <coordinates>
                                        2.0783333333333336,41.29694444444444,0 -73.77833333333334,40.640277777777776,0
                                    </coordinates>
                                </LineString>
                            </Placemark>
                                    
                            <Placemark>
                                <name>GEUUC (LEBL to EGLL)</name>
                                <Style>
                                    <LineStyle>
                                        <color>ffc9ffcc</color>
                                        <width>3</width>
                                    </LineStyle>
                                </Style>
                                <LineString>
                                    <tessellate>1</tessellate>
                                    <altitudeMode>clampToGround</altitudeMode>
                                    <coordinates>
                                        2.0783333333333336,41.29694444444444,0 -0.4613888888888889,51.4775,0
                                    </coordinates>
                                </LineString>
                            </Placemark>
                                    
                            <Placemark>
                                <name>ECMHA (LEBL to LIMC)</name>
                                <Style>
                                    <LineStyle>
                                        <color>ffffc9e1</color>
                                        <width>3</width>
                                    </LineStyle>
                                </Style>
                                <LineString>
                                    <tessellate>1</tessellate>
                                    <altitudeMode>clampToGround</altitudeMode>
                                    <coordinates>
                                        2.0783333333333336,41.29694444444444,0 8.723055555555556,45.63,0
                                    </coordinates>
                                </LineString>
                            </Placemark>
                                    
                            <Placemark>
                                <name>ECHOB (LEBL to LYTV)</name>
                                <Style>
                                    <LineStyle>
                                        <color>ffc9ffcc</color>
                                        <width>3</width>
                                    </LineStyle>
                                </Style>
                                <LineString>
                                    <tessellate>1</tessellate>
                                    <altitudeMode>clampToGround</altitudeMode>
                                    <coordinates>
                                        2.0783333333333336,41.29694444444444,0 18.723333333333333,42.40472222222222,0
                                    </coordinates>
                                </LineString>
                            </Placemark>
                                    
                            <Placemark>
                                <name>EIFIY (LEBL to LIRF)</name>
                                <Style>
                                    <LineStyle>
                                        <color>ffffc9e1</color>
                                        <width>3</width>
                                    </LineStyle>
                                </Style>
                                <LineString>
                                    <tessellate>1</tessellate>
                                    <altitudeMode>clampToGround</altitudeMode>
                                    <coordinates>
                                        2.0783333333333336,41.29694444444444,0 12.238888888888889,41.80027777777777,0
                                    </coordinates>
                                </LineString>
                            </Placemark>
                                    
                            <Placemark>
                                <name>ECMEA (LEBL to GMFF)</name>
                                <Style>
                                    <LineStyle>
                                        <color>ffc9ffcc</color>
                                        <width>3</width>
                                    </LineStyle>
                                </Style>
                                <LineString>
                                    <tessellate>1</tessellate>
                                    <altitudeMode>clampToGround</altitudeMode>
                                    <coordinates>
                                        2.0783333333333336,41.29694444444444,0 -4.977777777777778,33.92722222222222,0
                                    </coordinates>
                                </LineString>
                            </Placemark>
                                    
                            <Placemark>
                                <name>DAGWI (LEBL to EDDK)</name>
                                <Style>
                                    <LineStyle>
                                        <color>ffffc9e1</color>
                                        <width>3</width>
                                    </LineStyle>
                                </Style>
                                <LineString>
                                    <tessellate>1</tessellate>
                                    <altitudeMode>clampToGround</altitudeMode>
                                    <coordinates>
                                        2.0783333333333336,41.29694444444444,0 7.142777777777778,50.865833333333335,0
                                    </coordinates>
                                </LineString>
                            </Placemark>
                                    
                            <Placemark>
                                <name>FGTAZ (LEBL to LFPG)</name>
                                <Style>
                                    <LineStyle>
                                        <color>ffffc9e1</color>
                                        <width>3</width>
                                    </LineStyle>
                                </Style>
                                <LineString>
                                    <tessellate>1</tessellate>
                                    <altitudeMode>clampToGround</altitudeMode>
                                    <coordinates>
                                        2.0783333333333336,41.29694444444444,0 2.5477777777777777,49.00972222222222,0
                                    </coordinates>
                                </LineString>
                            </Placemark>
                                    
                            <Placemark>
                                <name>ECLLJ (LEBL to LEIB)</name>
                                <Style>
                                    <LineStyle>
                                        <color>ffffc9e1</color>
                                        <width>3</width>
                                    </LineStyle>
                                </Style>
                                <LineString>
                                    <tessellate>1</tessellate>
                                    <altitudeMode>clampToGround</altitudeMode>
                                    <coordinates>
                                        2.0783333333333336,41.29694444444444,0 1.3730555555555557,38.87277777777778,0
                                    </coordinates>
                                </LineString>
                            </Placemark>
                                    
                            <Placemark>
                                <name>ECMGE (LEBL to LEMH)</name>
                                <Style>
                                    <LineStyle>
                                        <color>ffffc9e1</color>
                                        <width>3</width>
                                    </LineStyle>
                                </Style>
                                <LineString>
                                    <tessellate>1</tessellate>
                                    <altitudeMode>clampToGround</altitudeMode>
                                    <coordinates>
                                        2.0783333333333336,41.29694444444444,0 4.2186111111111115,39.862500000000004,0
                                    </coordinates>
                                </LineString>
                            </Placemark>
                                    
                            <Placemark>
                                <name>OHLZD (LEBL to EFHK)</name>
                                <Style>
                                    <LineStyle>
                                        <color>ffffc9e1</color>
                                        <width>3</width>
                                    </LineStyle>
                                </Style>
                                <LineString>
                                    <tessellate>1</tessellate>
                                    <altitudeMode>clampToGround</altitudeMode>
                                    <coordinates>
                                        2.0783333333333336,41.29694444444444,0 24.96333333333333,60.31722222222223,0
                                    </coordinates>
                                </LineString>
                            </Placemark>
                                    
                            <Placemark>
                                <name>EIFRF (LEBL to EIDW)</name>
                                <Style>
                                    <LineStyle>
                                        <color>ffc9ffcc</color>
                                        <width>3</width>
                                    </LineStyle>
                                </Style>
                                <LineString>
                                    <tessellate>1</tessellate>
                                    <altitudeMode>clampToGround</altitudeMode>
                                    <coordinates>
                                        2.0783333333333336,41.29694444444444,0 -6.27,53.421388888888885,0
                                    </coordinates>
                                </LineString>
                            </Placemark>
                                    
                            <Placemark>
                                <name>GEZDU (LEBL to EDDB)</name>
                                <Style>
                                    <LineStyle>
                                        <color>ffffc9e1</color>
                                        <width>3</width>
                                    </LineStyle>
                                </Style>
                                <LineString>
                                    <tessellate>1</tessellate>
                                    <altitudeMode>clampToGround</altitudeMode>
                                    <coordinates>
                                        2.0783333333333336,41.29694444444444,0 13.500555555555556,52.36222222222222,0
                                    </coordinates>
                                </LineString>
                            </Placemark>
                                    
                            <Placemark>
                                <name>OYKBP (LEBL to EKCH)</name>
                                <Style>
                                    <LineStyle>
                                        <color>ffffc9e1</color>
                                        <width>3</width>
                                    </LineStyle>
                                </Style>
                                <LineString>
                                    <tessellate>1</tessellate>
                                    <altitudeMode>clampToGround</altitudeMode>
                                    <coordinates>
                                        2.0783333333333336,41.29694444444444,0 12.65611111111111,55.61805555555556,0
                                    </coordinates>
                                </LineString>
                            </Placemark>
                                    
                            <Placemark>
                                <name>ECMEQ (LEBL to LEIB)</name>
                                <Style>
                                    <LineStyle>
                                        <color>ffffc9e1</color>
                                        <width>3</width>
                                    </LineStyle>
                                </Style>
                                <LineString>
                                    <tessellate>1</tessellate>
                                    <altitudeMode>clampToGround</altitudeMode>
                                    <coordinates>
                                        2.0783333333333336,41.29694444444444,0 1.3730555555555557,38.87277777777778,0
                                    </coordinates>
                                </LineString>
                            </Placemark>
                                    
                            <Placemark>
                                <name>9VSWD (LEBL to WSSS)</name>
                                <Style>
                                    <LineStyle>
                                        <color>ffc9ffcc</color>
                                        <width>3</width>
                                    </LineStyle>
                                </Style>
                                <LineString>
                                    <tessellate>1</tessellate>
                                    <altitudeMode>clampToGround</altitudeMode>
                                    <coordinates>
                                        2.0783333333333336,41.29694444444444,0 103.98916666666666,1.3591666666666669,0
                                    </coordinates>
                                </LineString>
                            </Placemark>
                                    
                            <Placemark>
                                <name>ECJFF (LEBL to GCFV)</name>
                                <Style>
                                    <LineStyle>
                                        <color>ffc9ffcc</color>
                                        <width>3</width>
                                    </LineStyle>
                                </Style>
                                <LineString>
                                    <tessellate>1</tessellate>
                                    <altitudeMode>clampToGround</altitudeMode>
                                    <coordinates>
                                        2.0783333333333336,41.29694444444444,0 -13.863888888888889,28.452777777777776,0
                                    </coordinates>
                                </LineString>
                            </Placemark>
                                    
                            <Placemark>
                                <name>GEZTG (LEBL to EGGD)</name>
                                <Style>
                                    <LineStyle>
                                        <color>ffc9ffcc</color>
                                        <width>3</width>
                                    </LineStyle>
                                </Style>
                                <LineString>
                                    <tessellate>1</tessellate>
                                    <altitudeMode>clampToGround</altitudeMode>
                                    <coordinates>
                                        2.0783333333333336,41.29694444444444,0 -2.7191666666666667,51.382777777777775,0
                                    </coordinates>
                                </LineString>
                            </Placemark>
                                    
                            <Placemark>
                                <name>ECLVX (LEBL to LEAL)</name>
                                <Style>
                                    <LineStyle>
                                        <color>ffffc9e1</color>
                                        <width>3</width>
                                    </LineStyle>
                                </Style>
                                <LineString>
                                    <tessellate>1</tessellate>
                                    <altitudeMode>clampToGround</altitudeMode>
                                    <coordinates>
                                        2.0783333333333336,41.29694444444444,0 -0.5580555555555556,38.282222222222224,0
                                    </coordinates>
                                </LineString>
                            </Placemark>
                                    
                            <Placemark>
                                <name>DAIDL (LEBL to EDDF)</name>
                                <Style>
                                    <LineStyle>
                                        <color>ffffc9e1</color>
                                        <width>3</width>
                                    </LineStyle>
                                </Style>
                                <LineString>
                                    <tessellate>1</tessellate>
                                    <altitudeMode>clampToGround</altitudeMode>
                                    <coordinates>
                                        2.0783333333333336,41.29694444444444,0 8.570555555555556,50.03333333333333,0
                                    </coordinates>
                                </LineString>
                            </Placemark>
                                    
                            <Placemark>
                                <name>OELED (LEBL to LOWW)</name>
                                <Style>
                                    <LineStyle>
                                        <color>ffffc9e1</color>
                                        <width>3</width>
                                    </LineStyle>
                                </Style>
                                <LineString>
                                    <tessellate>1</tessellate>
                                    <altitudeMode>clampToGround</altitudeMode>
                                    <coordinates>
                                        2.0783333333333336,41.29694444444444,0 16.56972222222222,48.11027777777778,0
                                    </coordinates>
                                </LineString>
                            </Placemark>
                                    
                            <Placemark>
                                <name>N823NW (LEBL to KATL)</name>
                                <Style>
                                    <LineStyle>
                                        <color>ffc9ffcc</color>
                                        <width>3</width>
                                    </LineStyle>
                                </Style>
                                <LineString>
                                    <tessellate>1</tessellate>
                                    <altitudeMode>clampToGround</altitudeMode>
                                    <coordinates>
                                        2.0783333333333336,41.29694444444444,0 -84.43333333333334,33.63333333333333,0
                                    </coordinates>
                                </LineString>
                            </Placemark>
                                    
                            <Placemark>
                                <name>GEZUM (LEBL to LFMN)</name>
                                <Style>
                                    <LineStyle>
                                        <color>ffffc9e1</color>
                                        <width>3</width>
                                    </LineStyle>
                                </Style>
                                <LineString>
                                    <tessellate>1</tessellate>
                                    <altitudeMode>clampToGround</altitudeMode>
                                    <coordinates>
                                        2.0783333333333336,41.29694444444444,0 7.215,43.665277777777774,0
                                    </coordinates>
                                </LineString>
                            </Placemark>
                                    
                            <Placemark>
                                <name>ECMFM (LEBL to LEZL)</name>
                                <Style>
                                    <LineStyle>
                                        <color>ffffc9e1</color>
                                        <width>3</width>
                                    </LineStyle>
                                </Style>
                                <LineString>
                                    <tessellate>1</tessellate>
                                    <altitudeMode>clampToGround</altitudeMode>
                                    <coordinates>
                                        2.0783333333333336,41.29694444444444,0 -5.898888888888888,37.418055555555554,0
                                    </coordinates>
                                </LineString>
                            </Placemark>
                                    
                            <Placemark>
                                <name>SXABE (LEBL to LFRN)</name>
                                <Style>
                                    <LineStyle>
                                        <color>ffffc9e1</color>
                                        <width>3</width>
                                    </LineStyle>
                                </Style>
                                <LineString>
                                    <tessellate>1</tessellate>
                                    <altitudeMode>clampToGround</altitudeMode>
                                    <coordinates>
                                        2.0783333333333336,41.29694444444444,0 -1.7322222222222223,48.07194444444445,0
                                    </coordinates>
                                </LineString>
                            </Placemark>
                                    
                            <Placemark>
                                <name>EIDEJ (LEBL to EIDW)</name>
                                <Style>
                                    <LineStyle>
                                        <color>ffc9ffcc</color>
                                        <width>3</width>
                                    </LineStyle>
                                </Style>
                                <LineString>
                                    <tessellate>1</tessellate>
                                    <altitudeMode>clampToGround</altitudeMode>
                                    <coordinates>
                                        2.0783333333333336,41.29694444444444,0 -6.27,53.421388888888885,0
                                    </coordinates>
                                </LineString>
                            </Placemark>
                                    
                            <Placemark>
                                <name>CSTTO (LEBL to LPPT)</name>
                                <Style>
                                    <LineStyle>
                                        <color>ffffc9e1</color>
                                        <width>3</width>
                                    </LineStyle>
                                </Style>
                                <LineString>
                                    <tessellate>1</tessellate>
                                    <altitudeMode>clampToGround</altitudeMode>
                                    <coordinates>
                                        2.0783333333333336,41.29694444444444,0 -9.134166666666665,38.774166666666666,0
                                    </coordinates>
                                </LineString>
                            </Placemark>
                                    
                            <Placemark>
                                <name>EIDAM (LEBL to EGSS)</name>
                                <Style>
                                    <LineStyle>
                                        <color>ffc9ffcc</color>
                                        <width>3</width>
                                    </LineStyle>
                                </Style>
                                <LineString>
                                    <tessellate>1</tessellate>
                                    <altitudeMode>clampToGround</altitudeMode>
                                    <coordinates>
                                        2.0783333333333336,41.29694444444444,0 0.23500000000000001,51.885,0
                                    </coordinates>
                                </LineString>
                            </Placemark>
                                    
                            <Placemark>
                                <name>ECLML (LEBL to LEMH)</name>
                                <Style>
                                    <LineStyle>
                                        <color>ffffc9e1</color>
                                        <width>3</width>
                                    </LineStyle>
                                </Style>
                                <LineString>
                                    <tessellate>1</tessellate>
                                    <altitudeMode>clampToGround</altitudeMode>
                                    <coordinates>
                                        2.0783333333333336,41.29694444444444,0 4.2186111111111115,39.862500000000004,0
                                    </coordinates>
                                </LineString>
                            </Placemark>
                                    
                            <Placemark>
                                <name>GEZPC (LEBL to EGGP)</name>
                                <Style>
                                    <LineStyle>
                                        <color>ffc9ffcc</color>
                                        <width>3</width>
                                    </LineStyle>
                                </Style>
                                <LineString>
                                    <tessellate>1</tessellate>
                                    <altitudeMode>clampToGround</altitudeMode>
                                    <coordinates>
                                        2.0783333333333336,41.29694444444444,0 -2.8497222222222223,53.33361111111111,0
                                    </coordinates>
                                </LineString>
                            </Placemark>
                                    
                            <Placemark>
                                <name>ECLZF (LEBL to LEAM)</name>
                                <Style>
                                    <LineStyle>
                                        <color>ffffc9e1</color>
                                        <width>3</width>
                                    </LineStyle>
                                </Style>
                                <LineString>
                                    <tessellate>1</tessellate>
                                    <altitudeMode>clampToGround</altitudeMode>
                                    <coordinates>
                                        2.0783333333333336,41.29694444444444,0 -2.37,36.84388888888889,0
                                    </coordinates>
                                </LineString>
                            </Placemark>
                                    
                            <Placemark>
                                <name>GZBAI (LEBL to EGKK)</name>
                                <Style>
                                    <LineStyle>
                                        <color>ffc9ffcc</color>
                                        <width>3</width>
                                    </LineStyle>
                                </Style>
                                <LineString>
                                    <tessellate>1</tessellate>
                                    <altitudeMode>clampToGround</altitudeMode>
                                    <coordinates>
                                        2.0783333333333336,41.29694444444444,0 -0.19027777777777777,51.14805555555556,0
                                    </coordinates>
                                </LineString>
                            </Placemark>
                                    
                            <Placemark>
                                <name>GZBAH (LEBL to EGBB)</name>
                                <Style>
                                    <LineStyle>
                                        <color>ffc9ffcc</color>
                                        <width>3</width>
                                    </LineStyle>
                                </Style>
                                <LineString>
                                    <tessellate>1</tessellate>
                                    <altitudeMode>clampToGround</altitudeMode>
                                    <coordinates>
                                        2.0783333333333336,41.29694444444444,0 -1.7480555555555557,52.45388888888889,0
                                    </coordinates>
                                </LineString>
                            </Placemark>
                                    
                            <Placemark>
                                <name>EIDPM (LEBL to EGPH)</name>
                                <Style>
                                    <LineStyle>
                                        <color>ffc9ffcc</color>
                                        <width>3</width>
                                    </LineStyle>
                                </Style>
                                <LineString>
                                    <tessellate>1</tessellate>
                                    <altitudeMode>clampToGround</altitudeMode>
                                    <coordinates>
                                        2.0783333333333336,41.29694444444444,0 -3.3725,55.95,0
                                    </coordinates>
                                </LineString>
                            </Placemark>
                                    
                            <Placemark>
                                <name>PHBXF (LEBL to EHAM)</name>
                                <Style>
                                    <LineStyle>
                                        <color>ffffc9e1</color>
                                        <width>3</width>
                                    </LineStyle>
                                </Style>
                                <LineString>
                                    <tessellate>1</tessellate>
                                    <altitudeMode>clampToGround</altitudeMode>
                                    <coordinates>
                                        2.0783333333333336,41.29694444444444,0 4.764166666666667,52.308055555555555,0
                                    </coordinates>
                                </LineString>
                            </Placemark>
                                    
                            <Placemark>
                                <name>ECLOB (LEBL to LEMG)</name>
                                <Style>
                                    <LineStyle>
                                        <color>ffffc9e1</color>
                                        <width>3</width>
                                    </LineStyle>
                                </Style>
                                <LineString>
                                    <tessellate>1</tessellate>
                                    <altitudeMode>clampToGround</altitudeMode>
                                    <coordinates>
                                        2.0783333333333336,41.29694444444444,0 -4.4991666666666665,36.675,0
                                    </coordinates>
                                </LineString>
                            </Placemark>
                                    
                            <Placemark>
                                <name>ECLUN (LEBL to LIMF)</name>
                                <Style>
                                    <LineStyle>
                                        <color>ffffc9e1</color>
                                        <width>3</width>
                                    </LineStyle>
                                </Style>
                                <LineString>
                                    <tessellate>1</tessellate>
                                    <altitudeMode>clampToGround</altitudeMode>
                                    <coordinates>
                                        2.0783333333333336,41.29694444444444,0 7.649444444444444,45.2025,0
                                    </coordinates>
                                </LineString>
                            </Placemark>
                                    
                            <Placemark>
                                <name>ECLRY (LEBL to LFPO)</name>
                                <Style>
                                    <LineStyle>
                                        <color>ffffc9e1</color>
                                        <width>3</width>
                                    </LineStyle>
                                </Style>
                                <LineString>
                                    <tessellate>1</tessellate>
                                    <altitudeMode>clampToGround</altitudeMode>
                                    <coordinates>
                                        2.0783333333333336,41.29694444444444,0 2.3794444444444447,48.723333333333336,0
                                    </coordinates>
                                </LineString>
                            </Placemark>
                                    
                            <Placemark>
                                <name>ECLVC (LEBL to LEIB)</name>
                                <Style>
                                    <LineStyle>
                                        <color>ffffc9e1</color>
                                        <width>3</width>
                                    </LineStyle>
                                </Style>
                                <LineString>
                                    <tessellate>1</tessellate>
                                    <altitudeMode>clampToGround</altitudeMode>
                                    <coordinates>
                                        2.0783333333333336,41.29694444444444,0 1.3730555555555557,38.87277777777778,0
                                    </coordinates>
                                </LineString>
                            </Placemark>
                                    
                            <Placemark>
                                <name>CSDFK (LEBL to LEMH)</name>
                                <Style>
                                    <LineStyle>
                                        <color>ffffc9e1</color>
                                        <width>3</width>
                                    </LineStyle>
                                </Style>
                                <LineString>
                                    <tessellate>1</tessellate>
                                    <altitudeMode>clampToGround</altitudeMode>
                                    <coordinates>
                                        2.0783333333333336,41.29694444444444,0 4.2186111111111115,39.862500000000004,0
                                    </coordinates>
                                </LineString>
                            </Placemark>
                                    
                            <Placemark>
                                <name>EIEBK (LEBL to EGCC)</name>
                                <Style>
                                    <LineStyle>
                                        <color>ffc9ffcc</color>
                                        <width>3</width>
                                    </LineStyle>
                                </Style>
                                <LineString>
                                    <tessellate>1</tessellate>
                                    <altitudeMode>clampToGround</altitudeMode>
                                    <coordinates>
                                        2.0783333333333336,41.29694444444444,0 -2.275,53.35388888888889,0
                                    </coordinates>
                                </LineString>
                            </Placemark>
                                    
                            <Placemark>
                                <name>B5913 (LEBL to LOWW)</name>
                                <Style>
                                    <LineStyle>
                                        <color>ffffc9e1</color>
                                        <width>3</width>
                                    </LineStyle>
                                </Style>
                                <LineString>
                                    <tessellate>1</tessellate>
                                    <altitudeMode>clampToGround</altitudeMode>
                                    <coordinates>
                                        2.0783333333333336,41.29694444444444,0 16.56972222222222,48.11027777777778,0
                                    </coordinates>
                                </LineString>
                            </Placemark>
                                    
                            <Placemark>
                                <name>ECJTR (LEBL to LFSB)</name>
                                <Style>
                                    <LineStyle>
                                        <color>ffffc9e1</color>
                                        <width>3</width>
                                    </LineStyle>
                                </Style>
                                <LineString>
                                    <tessellate>1</tessellate>
                                    <altitudeMode>clampToGround</altitudeMode>
                                    <coordinates>
                                        2.0783333333333336,41.29694444444444,0 7.529166666666667,47.59,0
                                    </coordinates>
                                </LineString>
                            </Placemark>
                                    
                            <Placemark>
                                <name>ECLZN (LEBL to EGNT)</name>
                                <Style>
                                    <LineStyle>
                                        <color>ffc9ffcc</color>
                                        <width>3</width>
                                    </LineStyle>
                                </Style>
                                <LineString>
                                    <tessellate>1</tessellate>
                                    <altitudeMode>clampToGround</altitudeMode>
                                    <coordinates>
                                        2.0783333333333336,41.29694444444444,0 -1.6897222222222223,55.03805555555555,0
                                    </coordinates>
                                </LineString>
                            </Placemark>
                                    
                            <Placemark>
                                <name>GEZBD (LEBL to EGAA)</name>
                                <Style>
                                    <LineStyle>
                                        <color>ffc9ffcc</color>
                                        <width>3</width>
                                    </LineStyle>
                                </Style>
                                <LineString>
                                    <tessellate>1</tessellate>
                                    <altitudeMode>clampToGround</altitudeMode>
                                    <coordinates>
                                        2.0783333333333336,41.29694444444444,0 -6.215833333333333,54.6575,0
                                    </coordinates>
                                </LineString>
                            </Placemark>
                                    
                            <Placemark>
                                <name>ECLGV (LEBL to LEMD)</name>
                                <Style>
                                    <LineStyle>
                                        <color>ffffc9e1</color>
                                        <width>3</width>
                                    </LineStyle>
                                </Style>
                                <LineString>
                                    <tessellate>1</tessellate>
                                    <altitudeMode>clampToGround</altitudeMode>
                                    <coordinates>
                                        2.0783333333333336,41.29694444444444,0 -3.560833333333333,40.47222222222222,0
                                    </coordinates>
                                </LineString>
                            </Placemark>
                                    
                            <Placemark>
                                <name>ECMLE (LEBL to EHEH)</name>
                                <Style>
                                    <LineStyle>
                                        <color>ffffc9e1</color>
                                        <width>3</width>
                                    </LineStyle>
                                </Style>
                                <LineString>
                                    <tessellate>1</tessellate>
                                    <altitudeMode>clampToGround</altitudeMode>
                                    <coordinates>
                                        2.0783333333333336,41.29694444444444,0 5.374444444444444,51.45,0
                                    </coordinates>
                                </LineString>
                            </Placemark>
                                    
                            <Placemark>
                                <name>YRBGI (LEBL to LROP)</name>
                                <Style>
                                    <LineStyle>
                                        <color>ffc9ffcc</color>
                                        <width>3</width>
                                    </LineStyle>
                                </Style>
                                <LineString>
                                    <tessellate>1</tessellate>
                                    <altitudeMode>clampToGround</altitudeMode>
                                    <coordinates>
                                        2.0783333333333336,41.29694444444444,0 26.084999999999997,44.571111111111115,0
                                    </coordinates>
                                </LineString>
                            </Placemark>
                                    
                            <Placemark>
                                <name>ECDTS (LEBL to LEBL)</name>
                                <Style>
                                    <LineStyle>
                                        <color>ffffc9e1</color>
                                        <width>3</width>
                                    </LineStyle>
                                </Style>
                                <LineString>
                                    <tessellate>1</tessellate>
                                    <altitudeMode>clampToGround</altitudeMode>
                                    <coordinates>
                                        2.0783333333333336,41.29694444444444,0 2.0783333333333336,41.29694444444444,0
                                    </coordinates>
                                </LineString>
                            </Placemark>
                                    
                            <Placemark>
                                <name>EIDWK (LEBL to LIPH)</name>
                                <Style>
                                    <LineStyle>
                                        <color>ffffc9e1</color>
                                        <width>3</width>
                                    </LineStyle>
                                </Style>
                                <LineString>
                                    <tessellate>1</tessellate>
                                    <altitudeMode>clampToGround</altitudeMode>
                                    <coordinates>
                                        2.0783333333333336,41.29694444444444,0 12.197777777777778,45.65083333333333,0
                                    </coordinates>
                                </LineString>
                            </Placemark>
                                    
                            <Placemark>
                                <name>GEZWN (LEBL to EGKK)</name>
                                <Style>
                                    <LineStyle>
                                        <color>ffc9ffcc</color>
                                        <width>3</width>
                                    </LineStyle>
                                </Style>
                                <LineString>
                                    <tessellate>1</tessellate>
                                    <altitudeMode>clampToGround</altitudeMode>
                                    <coordinates>
                                        2.0783333333333336,41.29694444444444,0 -0.19027777777777777,51.14805555555556,0
                                    </coordinates>
                                </LineString>
                            </Placemark>
                                    
                            <Placemark>
                                <name>EIEFW (LEBL to EBBR)</name>
                                <Style>
                                    <LineStyle>
                                        <color>ffffc9e1</color>
                                        <width>3</width>
                                    </LineStyle>
                                </Style>
                                <LineString>
                                    <tessellate>1</tessellate>
                                    <altitudeMode>clampToGround</altitudeMode>
                                    <coordinates>
                                        2.0783333333333336,41.29694444444444,0 4.484444444444445,50.90138888888889,0
                                    </coordinates>
                                </LineString>
                            </Placemark>
                                    
                            <Placemark>
                                <name>EIENO (LEBL to LEMG)</name>
                                <Style>
                                    <LineStyle>
                                        <color>ffffc9e1</color>
                                        <width>3</width>
                                    </LineStyle>
                                </Style>
                                <LineString>
                                    <tessellate>1</tessellate>
                                    <altitudeMode>clampToGround</altitudeMode>
                                    <coordinates>
                                        2.0783333333333336,41.29694444444444,0 -4.4991666666666665,36.675,0
                                    </coordinates>
                                </LineString>
                            </Placemark>
                                    
                            <Placemark>
                                <name>LNRNO (LEBL to ENGM)</name>
                                <Style>
                                    <LineStyle>
                                        <color>ffffc9e1</color>
                                        <width>3</width>
                                    </LineStyle>
                                </Style>
                                <LineString>
                                    <tessellate>1</tessellate>
                                    <altitudeMode>clampToGround</altitudeMode>
                                    <coordinates>
                                        2.0783333333333336,41.29694444444444,0 11.08388888888889,60.20277777777778,0
                                    </coordinates>
                                </LineString>
                            </Placemark>
                                    
                            <Placemark>
                                <name>GEUUO (LEBL to EGLL)</name>
                                <Style>
                                    <LineStyle>
                                        <color>ffc9ffcc</color>
                                        <width>3</width>
                                    </LineStyle>
                                </Style>
                                <LineString>
                                    <tessellate>1</tessellate>
                                    <altitudeMode>clampToGround</altitudeMode>
                                    <coordinates>
                                        2.0783333333333336,41.29694444444444,0 -0.4613888888888889,51.4775,0
                                    </coordinates>
                                </LineString>
                            </Placemark>
                                    
                            <Placemark>
                                <name>ECMKV (LEBL to ELLX)</name>
                                <Style>
                                    <LineStyle>
                                        <color>ffffc9e1</color>
                                        <width>3</width>
                                    </LineStyle>
                                </Style>
                                <LineString>
                                    <tessellate>1</tessellate>
                                    <altitudeMode>clampToGround</altitudeMode>
                                    <coordinates>
                                        2.0783333333333336,41.29694444444444,0 6.204444444444444,49.623333333333335,0
                                    </coordinates>
                                </LineString>
                            </Placemark>
                                    
                            <Placemark>
                                <name>ECHUH (LEBL to LEMD)</name>
                                <Style>
                                    <LineStyle>
                                        <color>ffffc9e1</color>
                                        <width>3</width>
                                    </LineStyle>
                                </Style>
                                <LineString>
                                    <tessellate>1</tessellate>
                                    <altitudeMode>clampToGround</altitudeMode>
                                    <coordinates>
                                        2.0783333333333336,41.29694444444444,0 -3.560833333333333,40.47222222222222,0
                                    </coordinates>
                                </LineString>
                            </Placemark>
                                    
                            <Placemark>
                                <name>TCJNZ (LEBL to LTBA)</name>
                                <Style>
                                    <LineStyle>
                                        <color>ffc9ffcc</color>
                                        <width>3</width>
                                    </LineStyle>
                                </Style>
                                <LineString>
                                    <tessellate>1</tessellate>
                                    <altitudeMode>clampToGround</altitudeMode>
                                    <coordinates>
                                        2.0783333333333336,41.29694444444444,0 28.81416666666667,40.976111111111116,0
                                    </coordinates>
                                </LineString>
                            </Placemark>
                                    
                            <Placemark>
                                <name>EIDAE (LEBL to LIMF)</name>
                                <Style>
                                    <LineStyle>
                                        <color>ffffc9e1</color>
                                        <width>3</width>
                                    </LineStyle>
                                </Style>
                                <LineString>
                                    <tessellate>1</tessellate>
                                    <altitudeMode>clampToGround</altitudeMode>
                                    <coordinates>
                                        2.0783333333333336,41.29694444444444,0 7.649444444444444,45.2025,0
                                    </coordinates>
                                </LineString>
                            </Placemark>
                                    
                            <Placemark>
                                <name>CGHLQ (LEBL to CYYZ)</name>
                                <Style>
                                    <LineStyle>
                                        <color>ffc9ffcc</color>
                                        <width>3</width>
                                    </LineStyle>
                                </Style>
                                <LineString>
                                    <tessellate>1</tessellate>
                                    <altitudeMode>clampToGround</altitudeMode>
                                    <coordinates>
                                        2.0783333333333336,41.29694444444444,0 -79.63055555555555,43.67722222222222,0
                                    </coordinates>
                                </LineString>
                            </Placemark>
                                    
                            <Placemark>
                                <name>SPLND (LEBL to EPWA)</name>
                                <Style>
                                    <LineStyle>
                                        <color>ffffc9e1</color>
                                        <width>3</width>
                                    </LineStyle>
                                </Style>
                                <LineString>
                                    <tessellate>1</tessellate>
                                    <altitudeMode>clampToGround</altitudeMode>
                                    <coordinates>
                                        2.0783333333333336,41.29694444444444,0 20.96722222222222,52.16583333333333,0
                                    </coordinates>
                                </LineString>
                            </Placemark>
                                    
                            <Placemark>
                                <name>ECIRV (LEBL to LEBL)</name>
                                <Style>
                                    <LineStyle>
                                        <color>ffffc9e1</color>
                                        <width>3</width>
                                    </LineStyle>
                                </Style>
                                <LineString>
                                    <tessellate>1</tessellate>
                                    <altitudeMode>clampToGround</altitudeMode>
                                    <coordinates>
                                        2.0783333333333336,41.29694444444444,0 2.0783333333333336,41.29694444444444,0
                                    </coordinates>
                                </LineString>
                            </Placemark>
                                    
                            <Placemark>
                                <name>ECMMH (LEBL to GCXO)</name>
                                <Style>
                                    <LineStyle>
                                        <color>ffc9ffcc</color>
                                        <width>3</width>
                                    </LineStyle>
                                </Style>
                                <LineString>
                                    <tessellate>1</tessellate>
                                    <altitudeMode>clampToGround</altitudeMode>
                                    <coordinates>
                                        2.0783333333333336,41.29694444444444,0 -16.341666666666665,28.482777777777777,0
                                    </coordinates>
                                </LineString>
                            </Placemark>
                                    
                            <Placemark>
                                <name>GEZBI (LEBL to EGGW)</name>
                                <Style>
                                    <LineStyle>
                                        <color>ffc9ffcc</color>
                                        <width>3</width>
                                    </LineStyle>
                                </Style>
                                <LineString>
                                    <tessellate>1</tessellate>
                                    <altitudeMode>clampToGround</altitudeMode>
                                    <coordinates>
                                        2.0783333333333336,41.29694444444444,0 -0.3683333333333333,51.874722222222225,0
                                    </coordinates>
                                </LineString>
                            </Placemark>
                                    
                            <Placemark>
                                <name>SXDGQ (LEBL to LGAV)</name>
                                <Style>
                                    <LineStyle>
                                        <color>ffffc9e1</color>
                                        <width>3</width>
                                    </LineStyle>
                                </Style>
                                <LineString>
                                    <tessellate>1</tessellate>
                                    <altitudeMode>clampToGround</altitudeMode>
                                    <coordinates>
                                        2.0783333333333336,41.29694444444444,0 23.944444444444446,37.93666666666666,0
                                    </coordinates>
                                </LineString>
                            </Placemark>
                                    
                            <Placemark>
                                <name>GOZBE (LEBL to EGCC)</name>
                                <Style>
                                    <LineStyle>
                                        <color>ffc9ffcc</color>
                                        <width>3</width>
                                    </LineStyle>
                                </Style>
                                <LineString>
                                    <tessellate>1</tessellate>
                                    <altitudeMode>clampToGround</altitudeMode>
                                    <coordinates>
                                        2.0783333333333336,41.29694444444444,0 -2.275,53.35388888888889,0
                                    </coordinates>
                                </LineString>
                            </Placemark>
                                    
                            <Placemark>
                                <name>ECLAA (LEBL to EDDH)</name>
                                <Style>
                                    <LineStyle>
                                        <color>ffffc9e1</color>
                                        <width>3</width>
                                    </LineStyle>
                                </Style>
                                <LineString>
                                    <tessellate>1</tessellate>
                                    <altitudeMode>clampToGround</altitudeMode>
                                    <coordinates>
                                        2.0783333333333336,41.29694444444444,0 9.988333333333333,53.63027777777778,0
                                    </coordinates>
                                </LineString>
                            </Placemark>
                                    
                            <Placemark>
                                <name>IBIXR (LEBL to LIRF)</name>
                                <Style>
                                    <LineStyle>
                                        <color>ffffc9e1</color>
                                        <width>3</width>
                                    </LineStyle>
                                </Style>
                                <LineString>
                                    <tessellate>1</tessellate>
                                    <altitudeMode>clampToGround</altitudeMode>
                                    <coordinates>
                                        2.0783333333333336,41.29694444444444,0 12.238888888888889,41.80027777777777,0
                                    </coordinates>
                                </LineString>
                            </Placemark>
                                    
                            <Placemark>
                                <name>YRBAP (LEBL to LROP)</name>
                                <Style>
                                    <LineStyle>
                                        <color>ffc9ffcc</color>
                                        <width>3</width>
                                    </LineStyle>
                                </Style>
                                <LineString>
                                    <tessellate>1</tessellate>
                                    <altitudeMode>clampToGround</altitudeMode>
                                    <coordinates>
                                        2.0783333333333336,41.29694444444444,0 26.084999999999997,44.571111111111115,0
                                    </coordinates>
                                </LineString>
                            </Placemark>
                                    
                            <Placemark>
                                <name>ECMBF (LEBL to EDDN)</name>
                                <Style>
                                    <LineStyle>
                                        <color>ffffc9e1</color>
                                        <width>3</width>
                                    </LineStyle>
                                </Style>
                                <LineString>
                                    <tessellate>1</tessellate>
                                    <altitudeMode>clampToGround</altitudeMode>
                                    <coordinates>
                                        2.0783333333333336,41.29694444444444,0 11.078055555555554,49.49861111111111,0
                                    </coordinates>
                                </LineString>
                            </Placemark>
                                    
                            <Placemark>
                                <name>EIDCJ (LEBL to LIME)</name>
                                <Style>
                                    <LineStyle>
                                        <color>ffffc9e1</color>
                                        <width>3</width>
                                    </LineStyle>
                                </Style>
                                <LineString>
                                    <tessellate>1</tessellate>
                                    <altitudeMode>clampToGround</altitudeMode>
                                    <coordinates>
                                        2.0783333333333336,41.29694444444444,0 9.700277777777776,45.66888888888889,0
                                    </coordinates>
                                </LineString>
                            </Placemark>
                                    
                            <Placemark>
                                <name>ECMBY (LEBL to EGGP)</name>
                                <Style>
                                    <LineStyle>
                                        <color>ffc9ffcc</color>
                                        <width>3</width>
                                    </LineStyle>
                                </Style>
                                <LineString>
                                    <tessellate>1</tessellate>
                                    <altitudeMode>clampToGround</altitudeMode>
                                    <coordinates>
                                        2.0783333333333336,41.29694444444444,0 -2.8497222222222223,53.33361111111111,0
                                    </coordinates>
                                </LineString>
                            </Placemark>
                                    
                            <Placemark>
                                <name>ECLXV (LEBL to LEPA)</name>
                                <Style>
                                    <LineStyle>
                                        <color>ffffc9e1</color>
                                        <width>3</width>
                                    </LineStyle>
                                </Style>
                                <LineString>
                                    <tessellate>1</tessellate>
                                    <altitudeMode>clampToGround</altitudeMode>
                                    <coordinates>
                                        2.0783333333333336,41.29694444444444,0 2.738888888888889,39.55166666666666,0
                                    </coordinates>
                                </LineString>
                            </Placemark>
                                    
                            <Placemark>
                                <name>DAIDF (LEBL to EDDM)</name>
                                <Style>
                                    <LineStyle>
                                        <color>ffffc9e1</color>
                                        <width>3</width>
                                    </LineStyle>
                                </Style>
                                <LineString>
                                    <tessellate>1</tessellate>
                                    <altitudeMode>clampToGround</altitudeMode>
                                    <coordinates>
                                        2.0783333333333336,41.29694444444444,0 11.786111111111111,48.35388888888889,0
                                    </coordinates>
                                </LineString>
                            </Placemark>
                                    
                            <Placemark>
                                <name>ECMMU (LEBL to GCLP)</name>
                                <Style>
                                    <LineStyle>
                                        <color>ffc9ffcc</color>
                                        <width>3</width>
                                    </LineStyle>
                                </Style>
                                <LineString>
                                    <tessellate>1</tessellate>
                                    <altitudeMode>clampToGround</altitudeMode>
                                    <coordinates>
                                        2.0783333333333336,41.29694444444444,0 -15.386666666666667,27.931944444444447,0
                                    </coordinates>
                                </LineString>
                            </Placemark>
                                    
                            <Placemark>
                                <name>ECMFB (LEBL to ENGM)</name>
                                <Style>
                                    <LineStyle>
                                        <color>ffffc9e1</color>
                                        <width>3</width>
                                    </LineStyle>
                                </Style>
                                <LineString>
                                    <tessellate>1</tessellate>
                                    <altitudeMode>clampToGround</altitudeMode>
                                    <coordinates>
                                        2.0783333333333336,41.29694444444444,0 11.08388888888889,60.20277777777778,0
                                    </coordinates>
                                </LineString>
                            </Placemark>
                                    
                            <Placemark>
                                <name>ECJQQ (LEBL to LEMD)</name>
                                <Style>
                                    <LineStyle>
                                        <color>ffffc9e1</color>
                                        <width>3</width>
                                    </LineStyle>
                                </Style>
                                <LineString>
                                    <tessellate>1</tessellate>
                                    <altitudeMode>clampToGround</altitudeMode>
                                    <coordinates>
                                        2.0783333333333336,41.29694444444444,0 -3.560833333333333,40.47222222222222,0
                                    </coordinates>
                                </LineString>
                            </Placemark>
                                    
                            <Placemark>
                                <name>LNNGP (LEBL to ENGM)</name>
                                <Style>
                                    <LineStyle>
                                        <color>ffffc9e1</color>
                                        <width>3</width>
                                    </LineStyle>
                                </Style>
                                <LineString>
                                    <tessellate>1</tessellate>
                                    <altitudeMode>clampToGround</altitudeMode>
                                    <coordinates>
                                        2.0783333333333336,41.29694444444444,0 11.08388888888889,60.20277777777778,0
                                    </coordinates>
                                </LineString>
                            </Placemark>
                                    
                            <Placemark>
                                <name>VPBWG (LEBL to ULLI)</name>
                                <Style>
                                    <LineStyle>
                                        <color>ffc9ffcc</color>
                                        <width>3</width>
                                    </LineStyle>
                                </Style>
                                <LineString>
                                    <tessellate>1</tessellate>
                                    <altitudeMode>clampToGround</altitudeMode>
                                    <coordinates>
                                        2.0783333333333336,41.29694444444444,0 30.2625,59.80027777777777,0
                                    </coordinates>
                                </LineString>
                            </Placemark>
                                    
                            <Placemark>
                                <name>ECMHB (LEBL to EDDS)</name>
                                <Style>
                                    <LineStyle>
                                        <color>ffffc9e1</color>
                                        <width>3</width>
                                    </LineStyle>
                                </Style>
                                <LineString>
                                    <tessellate>1</tessellate>
                                    <altitudeMode>clampToGround</altitudeMode>
                                    <coordinates>
                                        2.0783333333333336,41.29694444444444,0 9.221944444444444,48.69,0
                                    </coordinates>
                                </LineString>
                            </Placemark>
                                    
                            <Placemark>
                                <name>ECMIQ (LEBL to LIRQ)</name>
                                <Style>
                                    <LineStyle>
                                        <color>ffffc9e1</color>
                                        <width>3</width>
                                    </LineStyle>
                                </Style>
                                <LineString>
                                    <tessellate>1</tessellate>
                                    <altitudeMode>clampToGround</altitudeMode>
                                    <coordinates>
                                        2.0783333333333336,41.29694444444444,0 11.202777777777778,43.808611111111105,0
                                    </coordinates>
                                </LineString>
                            </Placemark>
                                    
                            <Placemark>
                                <name>GEZTA (LEBL to EGKK)</name>
                                <Style>
                                    <LineStyle>
                                        <color>ffc9ffcc</color>
                                        <width>3</width>
                                    </LineStyle>
                                </Style>
                                <LineString>
                                    <tessellate>1</tessellate>
                                    <altitudeMode>clampToGround</altitudeMode>
                                    <coordinates>
                                        2.0783333333333336,41.29694444444444,0 -0.19027777777777777,51.14805555555556,0
                                    </coordinates>
                                </LineString>
                            </Placemark>
                                    
                            <Placemark>
                                <name>ECMKT (LEBL to EFHK)</name>
                                <Style>
                                    <LineStyle>
                                        <color>ffffc9e1</color>
                                        <width>3</width>
                                    </LineStyle>
                                </Style>
                                <LineString>
                                    <tessellate>1</tessellate>
                                    <altitudeMode>clampToGround</altitudeMode>
                                    <coordinates>
                                        2.0783333333333336,41.29694444444444,0 24.96333333333333,60.31722222222223,0
                                    </coordinates>
                                </LineString>
                            </Placemark>
                                    
                            <Placemark>
                                <name>GEZAT (LEBL to LFLL)</name>
                                <Style>
                                    <LineStyle>
                                        <color>ffffc9e1</color>
                                        <width>3</width>
                                    </LineStyle>
                                </Style>
                                <LineString>
                                    <tessellate>1</tessellate>
                                    <altitudeMode>clampToGround</altitudeMode>
                                    <coordinates>
                                        2.0783333333333336,41.29694444444444,0 5.0811111111111105,45.72555555555556,0
                                    </coordinates>
                                </LineString>
                            </Placemark>
                                    
                            <Placemark>
                                <name>LNDYW (LEBL to EKCH)</name>
                                <Style>
                                    <LineStyle>
                                        <color>ffffc9e1</color>
                                        <width>3</width>
                                    </LineStyle>
                                </Style>
                                <LineString>
                                    <tessellate>1</tessellate>
                                    <altitudeMode>clampToGround</altitudeMode>
                                    <coordinates>
                                        2.0783333333333336,41.29694444444444,0 12.65611111111111,55.61805555555556,0
                                    </coordinates>
                                </LineString>
                            </Placemark>
                                    
                            <Placemark>
                                <name>ECLUT (LEBL to GCXO)</name>
                                <Style>
                                    <LineStyle>
                                        <color>ffc9ffcc</color>
                                        <width>3</width>
                                    </LineStyle>
                                </Style>
                                <LineString>
                                    <tessellate>1</tessellate>
                                    <altitudeMode>clampToGround</altitudeMode>
                                    <coordinates>
                                        2.0783333333333336,41.29694444444444,0 -16.341666666666665,28.482777777777777,0
                                    </coordinates>
                                </LineString>
                            </Placemark>
                                    
                            <Placemark>
                                <name>HBJYI (LEBL to LSGG)</name>
                                <Style>
                                    <LineStyle>
                                        <color>ffffc9e1</color>
                                        <width>3</width>
                                    </LineStyle>
                                </Style>
                                <LineString>
                                    <tessellate>1</tessellate>
                                    <altitudeMode>clampToGround</altitudeMode>
                                    <coordinates>
                                        2.0783333333333336,41.29694444444444,0 6.109444444444444,46.23833333333334,0
                                    </coordinates>
                                </LineString>
                            </Placemark>
                                    
                            <Placemark>
                                <name>ECMKN (LEBL to EDDV)</name>
                                <Style>
                                    <LineStyle>
                                        <color>ffffc9e1</color>
                                        <width>3</width>
                                    </LineStyle>
                                </Style>
                                <LineString>
                                    <tessellate>1</tessellate>
                                    <altitudeMode>clampToGround</altitudeMode>
                                    <coordinates>
                                        2.0783333333333336,41.29694444444444,0 9.68361111111111,52.46027777777778,0
                                    </coordinates>
                                </LineString>
                            </Placemark>
                                    
                            <Placemark>
                                <name>ECMBK (LEBL to LEJR)</name>
                                <Style>
                                    <LineStyle>
                                        <color>ffffc9e1</color>
                                        <width>3</width>
                                    </LineStyle>
                                </Style>
                                <LineString>
                                    <tessellate>1</tessellate>
                                    <altitudeMode>clampToGround</altitudeMode>
                                    <coordinates>
                                        2.0783333333333336,41.29694444444444,0 -6.06,36.74472222222222,0
                                    </coordinates>
                                </LineString>
                            </Placemark>
                                    
                            <Placemark>
                                <name>ECMHS (LEBL to GCRR)</name>
                                <Style>
                                    <LineStyle>
                                        <color>ffc9ffcc</color>
                                        <width>3</width>
                                    </LineStyle>
                                </Style>
                                <LineString>
                                    <tessellate>1</tessellate>
                                    <altitudeMode>clampToGround</altitudeMode>
                                    <coordinates>
                                        2.0783333333333336,41.29694444444444,0 -13.605277777777777,28.945555555555554,0
                                    </coordinates>
                                </LineString>
                            </Placemark>
                                    
                            <Placemark>
                                <name>EIDHP (LEBL to EGBB)</name>
                                <Style>
                                    <LineStyle>
                                        <color>ffc9ffcc</color>
                                        <width>3</width>
                                    </LineStyle>
                                </Style>
                                <LineString>
                                    <tessellate>1</tessellate>
                                    <altitudeMode>clampToGround</altitudeMode>
                                    <coordinates>
                                        2.0783333333333336,41.29694444444444,0 -1.7480555555555557,52.45388888888889,0
                                    </coordinates>
                                </LineString>
                            </Placemark>
                                    
                            <Placemark>
                                <name>ECJTQ (LEBL to LFPG)</name>
                                <Style>
                                    <LineStyle>
                                        <color>ffffc9e1</color>
                                        <width>3</width>
                                    </LineStyle>
                                </Style>
                                <LineString>
                                    <tessellate>1</tessellate>
                                    <altitudeMode>clampToGround</altitudeMode>
                                    <coordinates>
                                        2.0783333333333336,41.29694444444444,0 2.5477777777777777,49.00972222222222,0
                                    </coordinates>
                                </LineString>
                            </Placemark>
                                    
                            <Placemark>
                                <name>GCELG (LEBL to EGCC)</name>
                                <Style>
                                    <LineStyle>
                                        <color>ffc9ffcc</color>
                                        <width>3</width>
                                    </LineStyle>
                                </Style>
                                <LineString>
                                    <tessellate>1</tessellate>
                                    <altitudeMode>clampToGround</altitudeMode>
                                    <coordinates>
                                        2.0783333333333336,41.29694444444444,0 -2.275,53.35388888888889,0
                                    </coordinates>
                                </LineString>
                            </Placemark>
                                    
                            <Placemark>
                                <name>N790AN (LEBL to KMIA)</name>
                                <Style>
                                    <LineStyle>
                                        <color>ffc9ffcc</color>
                                        <width>3</width>
                                    </LineStyle>
                                </Style>
                                <LineString>
                                    <tessellate>1</tessellate>
                                    <altitudeMode>clampToGround</altitudeMode>
                                    <coordinates>
                                        2.0783333333333336,41.29694444444444,0 -80.28333333333333,25.8,0
                                    </coordinates>
                                </LineString>
                            </Placemark>
                                    
                            <Placemark>
                                <name>DAISG (LEBL to EDDF)</name>
                                <Style>
                                    <LineStyle>
                                        <color>ffffc9e1</color>
                                        <width>3</width>
                                    </LineStyle>
                                </Style>
                                <LineString>
                                    <tessellate>1</tessellate>
                                    <altitudeMode>clampToGround</altitudeMode>
                                    <coordinates>
                                        2.0783333333333336,41.29694444444444,0 8.570555555555556,50.03333333333333,0
                                    </coordinates>
                                </LineString>
                            </Placemark>
                                    
                            <Placemark>
                                <name>ECMGZ (LEBL to EGKK)</name>
                                <Style>
                                    <LineStyle>
                                        <color>ffc9ffcc</color>
                                        <width>3</width>
                                    </LineStyle>
                                </Style>
                                <LineString>
                                    <tessellate>1</tessellate>
                                    <altitudeMode>clampToGround</altitudeMode>
                                    <coordinates>
                                        2.0783333333333336,41.29694444444444,0 -0.19027777777777777,51.14805555555556,0
                                    </coordinates>
                                </LineString>
                            </Placemark>
                                    
                            <Placemark>
                                <name>CSDGW (LEBL to LEMD)</name>
                                <Style>
                                    <LineStyle>
                                        <color>ffffc9e1</color>
                                        <width>3</width>
                                    </LineStyle>
                                </Style>
                                <LineString>
                                    <tessellate>1</tessellate>
                                    <altitudeMode>clampToGround</altitudeMode>
                                    <coordinates>
                                        2.0783333333333336,41.29694444444444,0 -3.560833333333333,40.47222222222222,0
                                    </coordinates>
                                </LineString>
                            </Placemark>
                                    
                            <Placemark>
                                <name>CNRGG (LEBL to GMMN)</name>
                                <Style>
                                    <LineStyle>
                                        <color>ffc9ffcc</color>
                                        <width>3</width>
                                    </LineStyle>
                                </Style>
                                <LineString>
                                    <tessellate>1</tessellate>
                                    <altitudeMode>clampToGround</altitudeMode>
                                    <coordinates>
                                        2.0783333333333336,41.29694444444444,0 -7.581666666666666,33.36416666666667,0
                                    </coordinates>
                                </LineString>
                            </Placemark>
                                    
                            <Placemark>
                                <name>ECMAH (LEBL to LOWW)</name>
                                <Style>
                                    <LineStyle>
                                        <color>ffffc9e1</color>
                                        <width>3</width>
                                    </LineStyle>
                                </Style>
                                <LineString>
                                    <tessellate>1</tessellate>
                                    <altitudeMode>clampToGround</altitudeMode>
                                    <coordinates>
                                        2.0783333333333336,41.29694444444444,0 16.56972222222222,48.11027777777778,0
                                    </coordinates>
                                </LineString>
                            </Placemark>
                                    
                            <Placemark>
                                <name>GGDFK (LEBL to EGNM)</name>
                                <Style>
                                    <LineStyle>
                                        <color>ffc9ffcc</color>
                                        <width>3</width>
                                    </LineStyle>
                                </Style>
                                <LineString>
                                    <tessellate>1</tessellate>
                                    <altitudeMode>clampToGround</altitudeMode>
                                    <coordinates>
                                        2.0783333333333336,41.29694444444444,0 -1.6608333333333332,53.86611111111111,0
                                    </coordinates>
                                </LineString>
                            </Placemark>
                                    
                            <Placemark>
                                <name>TSIMV (LEBL to DTTA)</name>
                                <Style>
                                    <LineStyle>
                                        <color>ffc9ffcc</color>
                                        <width>3</width>
                                    </LineStyle>
                                </Style>
                                <LineString>
                                    <tessellate>1</tessellate>
                                    <altitudeMode>clampToGround</altitudeMode>
                                    <coordinates>
                                        2.0783333333333336,41.29694444444444,0 10.226944444444445,36.85111111111111,0
                                    </coordinates>
                                </LineString>
                            </Placemark>
                                    
                            <Placemark>
                                <name>ECMBT (LEBL to LEAS)</name>
                                <Style>
                                    <LineStyle>
                                        <color>ffffc9e1</color>
                                        <width>3</width>
                                    </LineStyle>
                                </Style>
                                <LineString>
                                    <tessellate>1</tessellate>
                                    <altitudeMode>clampToGround</altitudeMode>
                                    <coordinates>
                                        2.0783333333333336,41.29694444444444,0 -6.034722222222222,43.56361111111111,0
                                    </coordinates>
                                </LineString>
                            </Placemark>
                                    
                            <Placemark>
                                <name>ECKLT (LEBL to EBBR)</name>
                                <Style>
                                    <LineStyle>
                                        <color>ffffc9e1</color>
                                        <width>3</width>
                                    </LineStyle>
                                </Style>
                                <LineString>
                                    <tessellate>1</tessellate>
                                    <altitudeMode>clampToGround</altitudeMode>
                                    <coordinates>
                                        2.0783333333333336,41.29694444444444,0 4.484444444444445,50.90138888888889,0
                                    </coordinates>
                                </LineString>
                            </Placemark>
                                    
                            <Placemark>
                                <name>VQBHK (LEBL to UUEE)</name>
                                <Style>
                                    <LineStyle>
                                        <color>ffc9ffcc</color>
                                        <width>3</width>
                                    </LineStyle>
                                </Style>
                                <LineString>
                                    <tessellate>1</tessellate>
                                    <altitudeMode>clampToGround</altitudeMode>
                                    <coordinates>
                                        2.0783333333333336,41.29694444444444,0 37.41305555555555,55.972500000000004,0
                                    </coordinates>
                                </LineString>
                            </Placemark>
                                    
                            <Placemark>
                                <name>ECLSA (LEBL to LPPR)</name>
                                <Style>
                                    <LineStyle>
                                        <color>ffffc9e1</color>
                                        <width>3</width>
                                    </LineStyle>
                                </Style>
                                <LineString>
                                    <tessellate>1</tessellate>
                                    <altitudeMode>clampToGround</altitudeMode>
                                    <coordinates>
                                        2.0783333333333336,41.29694444444444,0 -8.678055555555554,41.23555555555556,0
                                    </coordinates>
                                </LineString>
                            </Placemark>
                                    
                            <Placemark>
                                <name>ECHUI (LEBL to LEMD)</name>
                                <Style>
                                    <LineStyle>
                                        <color>ffffc9e1</color>
                                        <width>3</width>
                                    </LineStyle>
                                </Style>
                                <LineString>
                                    <tessellate>1</tessellate>
                                    <altitudeMode>clampToGround</altitudeMode>
                                    <coordinates>
                                        2.0783333333333336,41.29694444444444,0 -3.560833333333333,40.47222222222222,0
                                    </coordinates>
                                </LineString>
                            </Placemark>
                                    
                            <Placemark>
                                <name>CSTRN (LEBL to ESSA)</name>
                                <Style>
                                    <LineStyle>
                                        <color>ffffc9e1</color>
                                        <width>3</width>
                                    </LineStyle>
                                </Style>
                                <LineString>
                                    <tessellate>1</tessellate>
                                    <altitudeMode>clampToGround</altitudeMode>
                                    <coordinates>
                                        2.0783333333333336,41.29694444444444,0 17.91861111111111,59.651944444444446,0
                                    </coordinates>
                                </LineString>
                            </Placemark>
                                    
                            <Placemark>
                                <name>GEUYC (LEBL to EGLL)</name>
                                <Style>
                                    <LineStyle>
                                        <color>ffc9ffcc</color>
                                        <width>3</width>
                                    </LineStyle>
                                </Style>
                                <LineString>
                                    <tessellate>1</tessellate>
                                    <altitudeMode>clampToGround</altitudeMode>
                                    <coordinates>
                                        2.0783333333333336,41.29694444444444,0 -0.4613888888888889,51.4775,0
                                    </coordinates>
                                </LineString>
                            </Placemark>
                                    
                            <Placemark>
                                <name>ECMGF (LEBL to LEMH)</name>
                                <Style>
                                    <LineStyle>
                                        <color>ffffc9e1</color>
                                        <width>3</width>
                                    </LineStyle>
                                </Style>
                                <LineString>
                                    <tessellate>1</tessellate>
                                    <altitudeMode>clampToGround</altitudeMode>
                                    <coordinates>
                                        2.0783333333333336,41.29694444444444,0 4.2186111111111115,39.862500000000004,0
                                    </coordinates>
                                </LineString>
                            </Placemark>
                                    
                            <Placemark>
                                <name>PHBXP (LEBL to EHAM)</name>
                                <Style>
                                    <LineStyle>
                                        <color>ffffc9e1</color>
                                        <width>3</width>
                                    </LineStyle>
                                </Style>
                                <LineString>
                                    <tessellate>1</tessellate>
                                    <altitudeMode>clampToGround</altitudeMode>
                                    <coordinates>
                                        2.0783333333333336,41.29694444444444,0 4.764166666666667,52.308055555555555,0
                                    </coordinates>
                                </LineString>
                            </Placemark>
                                    
                            <Placemark>
                                <name>EIIMU (LEBL to LIML)</name>
                                <Style>
                                    <LineStyle>
                                        <color>ffffc9e1</color>
                                        <width>3</width>
                                    </LineStyle>
                                </Style>
                                <LineString>
                                    <tessellate>1</tessellate>
                                    <altitudeMode>clampToGround</altitudeMode>
                                    <coordinates>
                                        2.0783333333333336,41.29694444444444,0 9.278333333333334,45.44944444444444,0
                                    </coordinates>
                                </LineString>
                            </Placemark>
                                    
                            <Placemark>
                                <name>ECKRH (LEBL to LECO)</name>
                                <Style>
                                    <LineStyle>
                                        <color>ffffc9e1</color>
                                        <width>3</width>
                                    </LineStyle>
                                </Style>
                                <LineString>
                                    <tessellate>1</tessellate>
                                    <altitudeMode>clampToGround</altitudeMode>
                                    <coordinates>
                                        2.0783333333333336,41.29694444444444,0 -8.377222222222223,43.301944444444445,0
                                    </coordinates>
                                </LineString>
                            </Placemark>
                                    
                            <Placemark>
                                <name>ECMJR (LEBL to LIRN)</name>
                                <Style>
                                    <LineStyle>
                                        <color>ffffc9e1</color>
                                        <width>3</width>
                                    </LineStyle>
                                </Style>
                                <LineString>
                                    <tessellate>1</tessellate>
                                    <altitudeMode>clampToGround</altitudeMode>
                                    <coordinates>
                                        2.0783333333333336,41.29694444444444,0 14.290833333333333,40.88444444444444,0
                                    </coordinates>
                                </LineString>
                            </Placemark>
                                    
                            <Placemark>
                                <name>EIDHG (LEBL to LIRF)</name>
                                <Style>
                                    <LineStyle>
                                        <color>ffffc9e1</color>
                                        <width>3</width>
                                    </LineStyle>
                                </Style>
                                <LineString>
                                    <tessellate>1</tessellate>
                                    <altitudeMode>clampToGround</altitudeMode>
                                    <coordinates>
                                        2.0783333333333336,41.29694444444444,0 12.238888888888889,41.80027777777777,0
                                    </coordinates>
                                </LineString>
                            </Placemark>
                                    
                            <Placemark>
                                <name>ECJGM (LEBL to LEBB)</name>
                                <Style>
                                    <LineStyle>
                                        <color>ffffc9e1</color>
                                        <width>3</width>
                                    </LineStyle>
                                </Style>
                                <LineString>
                                    <tessellate>1</tessellate>
                                    <altitudeMode>clampToGround</altitudeMode>
                                    <coordinates>
                                        2.0783333333333336,41.29694444444444,0 -2.9105555555555553,43.301111111111105,0
                                    </coordinates>
                                </LineString>
                            </Placemark>
                                    
                            <Placemark>
                                <name>ECLRG (LEBL to EGNM)</name>
                                <Style>
                                    <LineStyle>
                                        <color>ffc9ffcc</color>
                                        <width>3</width>
                                    </LineStyle>
                                </Style>
                                <LineString>
                                    <tessellate>1</tessellate>
                                    <altitudeMode>clampToGround</altitudeMode>
                                    <coordinates>
                                        2.0783333333333336,41.29694444444444,0 -1.6608333333333332,53.86611111111111,0
                                    </coordinates>
                                </LineString>
                            </Placemark>
                                    
                            <Placemark>
                                <name>GEZWZ (LEBL to LFPG)</name>
                                <Style>
                                    <LineStyle>
                                        <color>ffffc9e1</color>
                                        <width>3</width>
                                    </LineStyle>
                                </Style>
                                <LineString>
                                    <tessellate>1</tessellate>
                                    <altitudeMode>clampToGround</altitudeMode>
                                    <coordinates>
                                        2.0783333333333336,41.29694444444444,0 2.5477777777777777,49.00972222222222,0
                                    </coordinates>
                                </LineString>
                            </Placemark>
                                    
                            <Placemark>
                                <name>ECLQM (LEBL to EDDT)</name>
                                <Style>
                                    <LineStyle>
                                        <color>ffffc9e1</color>
                                        <width>3</width>
                                    </LineStyle>
                                </Style>
                                <LineString>
                                    <tessellate>1</tessellate>
                                    <altitudeMode>clampToGround</altitudeMode>
                                    <coordinates>
                                        2.0783333333333336,41.29694444444444,0 13.287777777777778,52.55972222222222,0
                                    </coordinates>
                                </LineString>
                            </Placemark>
                                    
                            <Placemark>
                                <name>ECHQI (LEBL to LIBD)</name>
                                <Style>
                                    <LineStyle>
                                        <color>ffffc9e1</color>
                                        <width>3</width>
                                    </LineStyle>
                                </Style>
                                <LineString>
                                    <tessellate>1</tessellate>
                                    <altitudeMode>clampToGround</altitudeMode>
                                    <coordinates>
                                        2.0783333333333336,41.29694444444444,0 16.765,41.13805555555555,0
                                    </coordinates>
                                </LineString>
                            </Placemark>
                                    
                            <Placemark>
                                <name>CSTTV (LEBL to LPPT)</name>
                                <Style>
                                    <LineStyle>
                                        <color>ffffc9e1</color>
                                        <width>3</width>
                                    </LineStyle>
                                </Style>
                                <LineString>
                                    <tessellate>1</tessellate>
                                    <altitudeMode>clampToGround</altitudeMode>
                                    <coordinates>
                                        2.0783333333333336,41.29694444444444,0 -9.134166666666665,38.774166666666666,0
                                    </coordinates>
                                </LineString>
                            </Placemark>
                                    
                            <Placemark>
                                <name>ECIVJ (LEBL to LEIB)</name>
                                <Style>
                                    <LineStyle>
                                        <color>ffffc9e1</color>
                                        <width>3</width>
                                    </LineStyle>
                                </Style>
                                <LineString>
                                    <tessellate>1</tessellate>
                                    <altitudeMode>clampToGround</altitudeMode>
                                    <coordinates>
                                        2.0783333333333336,41.29694444444444,0 1.3730555555555557,38.87277777777778,0
                                    </coordinates>
                                </LineString>
                            </Placemark>
                                    
                            <Placemark>
                                <name>ECLQK (LEBL to LEGR)</name>
                                <Style>
                                    <LineStyle>
                                        <color>ffffc9e1</color>
                                        <width>3</width>
                                    </LineStyle>
                                </Style>
                                <LineString>
                                    <tessellate>1</tessellate>
                                    <altitudeMode>clampToGround</altitudeMode>
                                    <coordinates>
                                        2.0783333333333336,41.29694444444444,0 -3.777222222222222,37.18861111111111,0
                                    </coordinates>
                                </LineString>
                            </Placemark>
                                    
                            <Placemark>
                                <name>EIFJP (LEBL to LEPA)</name>
                                <Style>
                                    <LineStyle>
                                        <color>ffffc9e1</color>
                                        <width>3</width>
                                    </LineStyle>
                                </Style>
                                <LineString>
                                    <tessellate>1</tessellate>
                                    <altitudeMode>clampToGround</altitudeMode>
                                    <coordinates>
                                        2.0783333333333336,41.29694444444444,0 2.738888888888889,39.55166666666666,0
                                    </coordinates>
                                </LineString>
                            </Placemark>
                                    
                            <Placemark>
                                <name>EIEBA (LEBL to EGNX)</name>
                                <Style>
                                    <LineStyle>
                                        <color>ffc9ffcc</color>
                                        <width>3</width>
                                    </LineStyle>
                                </Style>
                                <LineString>
                                    <tessellate>1</tessellate>
                                    <altitudeMode>clampToGround</altitudeMode>
                                    <coordinates>
                                        2.0783333333333336,41.29694444444444,0 -1.3277777777777777,52.83111111111111,0
                                    </coordinates>
                                </LineString>
                            </Placemark>
                                    
                            <Placemark>
                                <name>ECMLD (LEBL to EDDM)</name>
                                <Style>
                                    <LineStyle>
                                        <color>ffffc9e1</color>
                                        <width>3</width>
                                    </LineStyle>
                                </Style>
                                <LineString>
                                    <tessellate>1</tessellate>
                                    <altitudeMode>clampToGround</altitudeMode>
                                    <coordinates>
                                        2.0783333333333336,41.29694444444444,0 11.786111111111111,48.35388888888889,0
                                    </coordinates>
                                </LineString>
                            </Placemark>
                                    
                            <Placemark>
                                <name>PHXRX (LEBL to EHEH)</name>
                                <Style>
                                    <LineStyle>
                                        <color>ffffc9e1</color>
                                        <width>3</width>
                                    </LineStyle>
                                </Style>
                                <LineString>
                                    <tessellate>1</tessellate>
                                    <altitudeMode>clampToGround</altitudeMode>
                                    <coordinates>
                                        2.0783333333333336,41.29694444444444,0 5.374444444444444,51.45,0
                                    </coordinates>
                                </LineString>
                            </Placemark>
                                    
                            <Placemark>
                                <name>ECLZE (LEBL to LIPZ)</name>
                                <Style>
                                    <LineStyle>
                                        <color>ffffc9e1</color>
                                        <width>3</width>
                                    </LineStyle>
                                </Style>
                                <LineString>
                                    <tessellate>1</tessellate>
                                    <altitudeMode>clampToGround</altitudeMode>
                                    <coordinates>
                                        2.0783333333333336,41.29694444444444,0 12.351944444444444,45.50527777777778,0
                                    </coordinates>
                                </LineString>
                            </Placemark>
                                    
                            <Placemark>
                                <name>ECLRN (LEBL to LICJ)</name>
                                <Style>
                                    <LineStyle>
                                        <color>ffffc9e1</color>
                                        <width>3</width>
                                    </LineStyle>
                                </Style>
                                <LineString>
                                    <tessellate>1</tessellate>
                                    <altitudeMode>clampToGround</altitudeMode>
                                    <coordinates>
                                        2.0783333333333336,41.29694444444444,0 13.099444444444446,38.18194444444444,0
                                    </coordinates>
                                </LineString>
                            </Placemark>
                                    
                            <Placemark>
                                <name>VPBRN (LEBL to UUDD)</name>
                                <Style>
                                    <LineStyle>
                                        <color>ffc9ffcc</color>
                                        <width>3</width>
                                    </LineStyle>
                                </Style>
                                <LineString>
                                    <tessellate>1</tessellate>
                                    <altitudeMode>clampToGround</altitudeMode>
                                    <coordinates>
                                        2.0783333333333336,41.29694444444444,0 37.906388888888884,55.40861111111111,0
                                    </coordinates>
                                </LineString>
                            </Placemark>
                                    
                            <Placemark>
                                <name>N290AY (LEBL to KPHL)</name>
                                <Style>
                                    <LineStyle>
                                        <color>ffc9ffcc</color>
                                        <width>3</width>
                                    </LineStyle>
                                </Style>
                                <LineString>
                                    <tessellate>1</tessellate>
                                    <altitudeMode>clampToGround</altitudeMode>
                                    <coordinates>
                                        2.0783333333333336,41.29694444444444,0 -75.245,39.87,0
                                    </coordinates>
                                </LineString>
                            </Placemark>
                                    
                            <Placemark>
                                <name>N76054 (LEBL to KEWR)</name>
                                <Style>
                                    <LineStyle>
                                        <color>ffc9ffcc</color>
                                        <width>3</width>
                                    </LineStyle>
                                </Style>
                                <LineString>
                                    <tessellate>1</tessellate>
                                    <altitudeMode>clampToGround</altitudeMode>
                                    <coordinates>
                                        2.0783333333333336,41.29694444444444,0 -74.16833333333334,40.696666666666665,0
                                    </coordinates>
                                </LineString>
                            </Placemark>
                                    
                            <Placemark>
                                <name>ECMEQ (LEBL to LPPT)</name>
                                <Style>
                                    <LineStyle>
                                        <color>ffffc9e1</color>
                                        <width>3</width>
                                    </LineStyle>
                                </Style>
                                <LineString>
                                    <tessellate>1</tessellate>
                                    <altitudeMode>clampToGround</altitudeMode>
                                    <coordinates>
                                        2.0783333333333336,41.29694444444444,0 -9.134166666666665,38.774166666666666,0
                                    </coordinates>
                                </LineString>
                            </Placemark>
                                    
                            <Placemark>
                                <name>N803NW (LEBL to KJFK)</name>
                                <Style>
                                    <LineStyle>
                                        <color>ffc9ffcc</color>
                                        <width>3</width>
                                    </LineStyle>
                                </Style>
                                <LineString>
                                    <tessellate>1</tessellate>
                                    <altitudeMode>clampToGround</altitudeMode>
                                    <coordinates>
                                        2.0783333333333336,41.29694444444444,0 -73.77833333333334,40.640277777777776,0
                                    </coordinates>
                                </LineString>
                            </Placemark>
                                    
                            <Placemark>
                                <name>EIDHX (LEBL to EGSS)</name>
                                <Style>
                                    <LineStyle>
                                        <color>ffc9ffcc</color>
                                        <width>3</width>
                                    </LineStyle>
                                </Style>
                                <LineString>
                                    <tessellate>1</tessellate>
                                    <altitudeMode>clampToGround</altitudeMode>
                                    <coordinates>
                                        2.0783333333333336,41.29694444444444,0 0.23500000000000001,51.885,0
                                    </coordinates>
                                </LineString>
                            </Placemark>
                                    
                            <Placemark>
                                <name>DAISW (LEBL to EDDF)</name>
                                <Style>
                                    <LineStyle>
                                        <color>ffffc9e1</color>
                                        <width>3</width>
                                    </LineStyle>
                                </Style>
                                <LineString>
                                    <tessellate>1</tessellate>
                                    <altitudeMode>clampToGround</altitudeMode>
                                    <coordinates>
                                        2.0783333333333336,41.29694444444444,0 8.570555555555556,50.03333333333333,0
                                    </coordinates>
                                </LineString>
                            </Placemark>
                                    
                            <Placemark>
                                <name>ECLRM (LEBL to EGFF)</name>
                                <Style>
                                    <LineStyle>
                                        <color>ffc9ffcc</color>
                                        <width>3</width>
                                    </LineStyle>
                                </Style>
                                <LineString>
                                    <tessellate>1</tessellate>
                                    <altitudeMode>clampToGround</altitudeMode>
                                    <coordinates>
                                        2.0783333333333336,41.29694444444444,0 -3.3433333333333333,51.39666666666667,0
                                    </coordinates>
                                </LineString>
                            </Placemark>
                                    
                            <Placemark>
                                <name>LNDYB (LEBL to ESGG)</name>
                                <Style>
                                    <LineStyle>
                                        <color>ffffc9e1</color>
                                        <width>3</width>
                                    </LineStyle>
                                </Style>
                                <LineString>
                                    <tessellate>1</tessellate>
                                    <altitudeMode>clampToGround</altitudeMode>
                                    <coordinates>
                                        2.0783333333333336,41.29694444444444,0 12.29111111111111,57.66,0
                                    </coordinates>
                                </LineString>
                            </Placemark>
                                    
                            <Placemark>
                                <name>ECLML (LEBL to LEPA)</name>
                                <Style>
                                    <LineStyle>
                                        <color>ffffc9e1</color>
                                        <width>3</width>
                                    </LineStyle>
                                </Style>
                                <LineString>
                                    <tessellate>1</tessellate>
                                    <altitudeMode>clampToGround</altitudeMode>
                                    <coordinates>
                                        2.0783333333333336,41.29694444444444,0 2.738888888888889,39.55166666666666,0
                                    </coordinates>
                                </LineString>
                            </Placemark>
                                    
                            <Placemark>
                                <name>ECMJC (LEBL to EHAM)</name>
                                <Style>
                                    <LineStyle>
                                        <color>ffffc9e1</color>
                                        <width>3</width>
                                    </LineStyle>
                                </Style>
                                <LineString>
                                    <tessellate>1</tessellate>
                                    <altitudeMode>clampToGround</altitudeMode>
                                    <coordinates>
                                        2.0783333333333336,41.29694444444444,0 4.764166666666667,52.308055555555555,0
                                    </coordinates>
                                </LineString>
                            </Placemark>
                                    
                            <Placemark>
                                <name>DAGWE (LEBL to EDDH)</name>
                                <Style>
                                    <LineStyle>
                                        <color>ffffc9e1</color>
                                        <width>3</width>
                                    </LineStyle>
                                </Style>
                                <LineString>
                                    <tessellate>1</tessellate>
                                    <altitudeMode>clampToGround</altitudeMode>
                                    <coordinates>
                                        2.0783333333333336,41.29694444444444,0 9.988333333333333,53.63027777777778,0
                                    </coordinates>
                                </LineString>
                            </Placemark>
                                    
                            <Placemark>
                                <name>GEUUV (LEBL to EGKK)</name>
                                <Style>
                                    <LineStyle>
                                        <color>ffc9ffcc</color>
                                        <width>3</width>
                                    </LineStyle>
                                </Style>
                                <LineString>
                                    <tessellate>1</tessellate>
                                    <altitudeMode>clampToGround</altitudeMode>
                                    <coordinates>
                                        2.0783333333333336,41.29694444444444,0 -0.19027777777777777,51.14805555555556,0
                                    </coordinates>
                                </LineString>
                            </Placemark>
                                    
                            <Placemark>
                                <name>ECLZO (LEBL to EKCH)</name>
                                <Style>
                                    <LineStyle>
                                        <color>ffffc9e1</color>
                                        <width>3</width>
                                    </LineStyle>
                                </Style>
                                <LineString>
                                    <tessellate>1</tessellate>
                                    <altitudeMode>clampToGround</altitudeMode>
                                    <coordinates>
                                        2.0783333333333336,41.29694444444444,0 12.65611111111111,55.61805555555556,0
                                    </coordinates>
                                </LineString>
                            </Placemark>
                                    
                            <Placemark>
                                <name>DAKNQ (LEBL to EDDT)</name>
                                <Style>
                                    <LineStyle>
                                        <color>ffffc9e1</color>
                                        <width>3</width>
                                    </LineStyle>
                                </Style>
                                <LineString>
                                    <tessellate>1</tessellate>
                                    <altitudeMode>clampToGround</altitudeMode>
                                    <coordinates>
                                        2.0783333333333336,41.29694444444444,0 13.287777777777778,52.55972222222222,0
                                    </coordinates>
                                </LineString>
                            </Placemark>
                                    
                            <Placemark>
                                <name>TCJVM (LEBL to LTFJ)</name>
                                <Style>
                                    <LineStyle>
                                        <color>ffc9ffcc</color>
                                        <width>3</width>
                                    </LineStyle>
                                </Style>
                                <LineString>
                                    <tessellate>1</tessellate>
                                    <altitudeMode>clampToGround</altitudeMode>
                                    <coordinates>
                                        2.0783333333333336,41.29694444444444,0 29.309166666666666,40.89833333333333,0
                                    </coordinates>
                                </LineString>
                            </Placemark>
                                    
                            <Placemark>
                                <name>CGTSW (LEBL to CYYZ)</name>
                                <Style>
                                    <LineStyle>
                                        <color>ffc9ffcc</color>
                                        <width>3</width>
                                    </LineStyle>
                                </Style>
                                <LineString>
                                    <tessellate>1</tessellate>
                                    <altitudeMode>clampToGround</altitudeMode>
                                    <coordinates>
                                        2.0783333333333336,41.29694444444444,0 -79.63055555555555,43.67722222222222,0
                                    </coordinates>
                                </LineString>
                            </Placemark>
                                    
                            <Placemark>
                                <name>CFIYE (LEBL to CYUL)</name>
                                <Style>
                                    <LineStyle>
                                        <color>ffc9ffcc</color>
                                        <width>3</width>
                                    </LineStyle>
                                </Style>
                                <LineString>
                                    <tessellate>1</tessellate>
                                    <altitudeMode>clampToGround</altitudeMode>
                                    <coordinates>
                                        2.0783333333333336,41.29694444444444,0 -73.74138888888889,45.46805555555556,0
                                    </coordinates>
                                </LineString>
                            </Placemark>
                                    
                            <Placemark>
                                <name>DCARO (LEBL to LEMD)</name>
                                <Style>
                                    <LineStyle>
                                        <color>ffffc9e1</color>
                                        <width>3</width>
                                    </LineStyle>
                                </Style>
                                <LineString>
                                    <tessellate>1</tessellate>
                                    <altitudeMode>clampToGround</altitudeMode>
                                    <coordinates>
                                        2.0783333333333336,41.29694444444444,0 -3.560833333333333,40.47222222222222,0
                                    </coordinates>
                                </LineString>
                            </Placemark>
                                    
                            <Placemark>
                                <name>EIFRH (LEBL to LEPA)</name>
                                <Style>
                                    <LineStyle>
                                        <color>ffffc9e1</color>
                                        <width>3</width>
                                    </LineStyle>
                                </Style>
                                <LineString>
                                    <tessellate>1</tessellate>
                                    <altitudeMode>clampToGround</altitudeMode>
                                    <coordinates>
                                        2.0783333333333336,41.29694444444444,0 2.738888888888889,39.55166666666666,0
                                    </coordinates>
                                </LineString>
                            </Placemark>
                                    
                            <Placemark>
                                <name>URPSS (LEBL to UKBB)</name>
                                <Style>
                                    <LineStyle>
                                        <color>ffc9ffcc</color>
                                        <width>3</width>
                                    </LineStyle>
                                </Style>
                                <LineString>
                                    <tessellate>1</tessellate>
                                    <altitudeMode>clampToGround</altitudeMode>
                                    <coordinates>
                                        2.0783333333333336,41.29694444444444,0 30.893333333333334,50.344722222222224,0
                                    </coordinates>
                                </LineString>
                            </Placemark>
                                    
                            <Placemark>
                                <name>ECMBL (LEBL to LSZH)</name>
                                <Style>
                                    <LineStyle>
                                        <color>ffffc9e1</color>
                                        <width>3</width>
                                    </LineStyle>
                                </Style>
                                <LineString>
                                    <tessellate>1</tessellate>
                                    <altitudeMode>clampToGround</altitudeMode>
                                    <coordinates>
                                        2.0783333333333336,41.29694444444444,0 8.548055555555555,47.45805555555556,0
                                    </coordinates>
                                </LineString>
                            </Placemark>
                                    
                            <Placemark>
                                <name>CFDAT (LEBL to CYUL)</name>
                                <Style>
                                    <LineStyle>
                                        <color>ffc9ffcc</color>
                                        <width>3</width>
                                    </LineStyle>
                                </Style>
                                <LineString>
                                    <tessellate>1</tessellate>
                                    <altitudeMode>clampToGround</altitudeMode>
                                    <coordinates>
                                        2.0783333333333336,41.29694444444444,0 -73.74138888888889,45.46805555555556,0
                                    </coordinates>
                                </LineString>
                            </Placemark>
                                    
                            <Placemark>
                                <name>OKNEN (LEBL to LKPR)</name>
                                <Style>
                                    <LineStyle>
                                        <color>ffffc9e1</color>
                                        <width>3</width>
                                    </LineStyle>
                                </Style>
                                <LineString>
                                    <tessellate>1</tessellate>
                                    <altitudeMode>clampToGround</altitudeMode>
                                    <coordinates>
                                        2.0783333333333336,41.29694444444444,0 14.26,50.100833333333334,0
                                    </coordinates>
                                </LineString>
                            </Placemark>
                                    
                            <Placemark>
                                <name>CSDXZ (LEBL to LIRP)</name>
                                <Style>
                                    <LineStyle>
                                        <color>ffffc9e1</color>
                                        <width>3</width>
                                    </LineStyle>
                                </Style>
                                <LineString>
                                    <tessellate>1</tessellate>
                                    <altitudeMode>clampToGround</altitudeMode>
                                    <coordinates>
                                        2.0783333333333336,41.29694444444444,0 10.395555555555555,43.68277777777777,0
                                    </coordinates>
                                </LineString>
                            </Placemark>
                                    
                            <Placemark>
                                <name>LXLQB (LEBL to ELLX)</name>
                                <Style>
                                    <LineStyle>
                                        <color>ffffc9e1</color>
                                        <width>3</width>
                                    </LineStyle>
                                </Style>
                                <LineString>
                                    <tessellate>1</tessellate>
                                    <altitudeMode>clampToGround</altitudeMode>
                                    <coordinates>
                                        2.0783333333333336,41.29694444444444,0 6.204444444444444,49.623333333333335,0
                                    </coordinates>
                                </LineString>
                            </Placemark>
                                    
                            <Placemark>
                                <name>ECLZZ (LEBL to LIRF)</name>
                                <Style>
                                    <LineStyle>
                                        <color>ffffc9e1</color>
                                        <width>3</width>
                                    </LineStyle>
                                </Style>
                                <LineString>
                                    <tessellate>1</tessellate>
                                    <altitudeMode>clampToGround</altitudeMode>
                                    <coordinates>
                                        2.0783333333333336,41.29694444444444,0 12.238888888888889,41.80027777777777,0
                                    </coordinates>
                                </LineString>
                            </Placemark>
                                    
                            <Placemark>
                                <name>N283AY (LEBL to KCLT)</name>
                                <Style>
                                    <LineStyle>
                                        <color>ffc9ffcc</color>
                                        <width>3</width>
                                    </LineStyle>
                                </Style>
                                <LineString>
                                    <tessellate>1</tessellate>
                                    <altitudeMode>clampToGround</altitudeMode>
                                    <coordinates>
                                        2.0783333333333336,41.29694444444444,0 -80.95,35.21666666666667,0
                                    </coordinates>
                                </LineString>
                            </Placemark>
                                    
                            <Placemark>
                                <name>EIENL (LEBL to LEJR)</name>
                                <Style>
                                    <LineStyle>
                                        <color>ffffc9e1</color>
                                        <width>3</width>
                                    </LineStyle>
                                </Style>
                                <LineString>
                                    <tessellate>1</tessellate>
                                    <altitudeMode>clampToGround</altitudeMode>
                                    <coordinates>
                                        2.0783333333333336,41.29694444444444,0 -6.06,36.74472222222222,0
                                    </coordinates>
                                </LineString>
                            </Placemark>
                                    
                            <Placemark>
                                <name>URPSO (LEBL to UKBB)</name>
                                <Style>
                                    <LineStyle>
                                        <color>ffc9ffcc</color>
                                        <width>3</width>
                                    </LineStyle>
                                </Style>
                                <LineString>
                                    <tessellate>1</tessellate>
                                    <altitudeMode>clampToGround</altitudeMode>
                                    <coordinates>
                                        2.0783333333333336,41.29694444444444,0 30.893333333333334,50.344722222222224,0
                                    </coordinates>
                                </LineString>
                            </Placemark>
                                    
                            <Placemark>
                                <name>CSTTK (LEBL to LPPT)</name>
                                <Style>
                                    <LineStyle>
                                        <color>ffffc9e1</color>
                                        <width>3</width>
                                    </LineStyle>
                                </Style>
                                <LineString>
                                    <tessellate>1</tessellate>
                                    <altitudeMode>clampToGround</altitudeMode>
                                    <coordinates>
                                        2.0783333333333336,41.29694444444444,0 -9.134166666666665,38.774166666666666,0
                                    </coordinates>
                                </LineString>
                            </Placemark>
                                    
                            <Placemark>
                                <name>ECHHA (LEBL to LEIB)</name>
                                <Style>
                                    <LineStyle>
                                        <color>ffffc9e1</color>
                                        <width>3</width>
                                    </LineStyle>
                                </Style>
                                <LineString>
                                    <tessellate>1</tessellate>
                                    <altitudeMode>clampToGround</altitudeMode>
                                    <coordinates>
                                        2.0783333333333336,41.29694444444444,0 1.3730555555555557,38.87277777777778,0
                                    </coordinates>
                                </LineString>
                            </Placemark>
                                    
                            <Placemark>
                                <name>GEZUM (LEBL to LSGG)</name>
                                <Style>
                                    <LineStyle>
                                        <color>ffffc9e1</color>
                                        <width>3</width>
                                    </LineStyle>
                                </Style>
                                <LineString>
                                    <tessellate>1</tessellate>
                                    <altitudeMode>clampToGround</altitudeMode>
                                    <coordinates>
                                        2.0783333333333336,41.29694444444444,0 6.109444444444444,46.23833333333334,0
                                    </coordinates>
                                </LineString>
                            </Placemark>
                                    
                            <Placemark>
                                <name>ECLZF (LEBL to LEBB)</name>
                                <Style>
                                    <LineStyle>
                                        <color>ffffc9e1</color>
                                        <width>3</width>
                                    </LineStyle>
                                </Style>
                                <LineString>
                                    <tessellate>1</tessellate>
                                    <altitudeMode>clampToGround</altitudeMode>
                                    <coordinates>
                                        2.0783333333333336,41.29694444444444,0 -2.9105555555555553,43.301111111111105,0
                                    </coordinates>
                                </LineString>
                            </Placemark>
                                    
                            <Placemark>
                                <name>N550GH (LEBL to LEPA)</name>
                                <Style>
                                    <LineStyle>
                                        <color>ffffc9e1</color>
                                        <width>3</width>
                                    </LineStyle>
                                </Style>
                                <LineString>
                                    <tessellate>1</tessellate>
                                    <altitudeMode>clampToGround</altitudeMode>
                                    <coordinates>
                                        2.0783333333333336,41.29694444444444,0 2.738888888888889,39.55166666666666,0
                                    </coordinates>
                                </LineString>
                            </Placemark>
                                    
                            <Placemark>
                                <name>ECLVP (LEBL to LSGG)</name>
                                <Style>
                                    <LineStyle>
                                        <color>ffffc9e1</color>
                                        <width>3</width>
                                    </LineStyle>
                                </Style>
                                <LineString>
                                    <tessellate>1</tessellate>
                                    <altitudeMode>clampToGround</altitudeMode>
                                    <coordinates>
                                        2.0783333333333336,41.29694444444444,0 6.109444444444444,46.23833333333334,0
                                    </coordinates>
                                </LineString>
                            </Placemark>
                                    
                            <Placemark>
                                <name>TCJHZ (LEBL to LTBA)</name>
                                <Style>
                                    <LineStyle>
                                        <color>ffc9ffcc</color>
                                        <width>3</width>
                                    </LineStyle>
                                </Style>
                                <LineString>
                                    <tessellate>1</tessellate>
                                    <altitudeMode>clampToGround</altitudeMode>
                                    <coordinates>
                                        2.0783333333333336,41.29694444444444,0 28.81416666666667,40.976111111111116,0
                                    </coordinates>
                                </LineString>
                            </Placemark>
                                    
                            <Placemark>
                                <name>ECIXD (LEBL to LEMD)</name>
                                <Style>
                                    <LineStyle>
                                        <color>ffffc9e1</color>
                                        <width>3</width>
                                    </LineStyle>
                                </Style>
                                <LineString>
                                    <tessellate>1</tessellate>
                                    <altitudeMode>clampToGround</altitudeMode>
                                    <coordinates>
                                        2.0783333333333336,41.29694444444444,0 -3.560833333333333,40.47222222222222,0
                                    </coordinates>
                                </LineString>
                            </Placemark>
                                    
                            <Placemark>
                                <name>ECMHA (LEBL to LFPO)</name>
                                <Style>
                                    <LineStyle>
                                        <color>ffffc9e1</color>
                                        <width>3</width>
                                    </LineStyle>
                                </Style>
                                <LineString>
                                    <tessellate>1</tessellate>
                                    <altitudeMode>clampToGround</altitudeMode>
                                    <coordinates>
                                        2.0783333333333336,41.29694444444444,0 2.3794444444444447,48.723333333333336,0
                                    </coordinates>
                                </LineString>
                            </Placemark>
                                    
                            <Placemark>
                                <name>EIDHT (LEBL to LEIB)</name>
                                <Style>
                                    <LineStyle>
                                        <color>ffffc9e1</color>
                                        <width>3</width>
                                    </LineStyle>
                                </Style>
                                <LineString>
                                    <tessellate>1</tessellate>
                                    <altitudeMode>clampToGround</altitudeMode>
                                    <coordinates>
                                        2.0783333333333336,41.29694444444444,0 1.3730555555555557,38.87277777777778,0
                                    </coordinates>
                                </LineString>
                            </Placemark>
                                    
                            <Placemark>
                                <name>SXABE (LEBL to LFBD)</name>
                                <Style>
                                    <LineStyle>
                                        <color>ffffc9e1</color>
                                        <width>3</width>
                                    </LineStyle>
                                </Style>
                                <LineString>
                                    <tessellate>1</tessellate>
                                    <altitudeMode>clampToGround</altitudeMode>
                                    <coordinates>
                                        2.0783333333333336,41.29694444444444,0 -0.7152777777777777,44.828611111111115,0
                                    </coordinates>
                                </LineString>
                            </Placemark>
                                    
                            <Placemark>
                                <name>HBIOM (LEBL to LSZH)</name>
                                <Style>
                                    <LineStyle>
                                        <color>ffffc9e1</color>
                                        <width>3</width>
                                    </LineStyle>
                                </Style>
                                <LineString>
                                    <tessellate>1</tessellate>
                                    <altitudeMode>clampToGround</altitudeMode>
                                    <coordinates>
                                        2.0783333333333336,41.29694444444444,0 8.548055555555555,47.45805555555556,0
                                    </coordinates>
                                </LineString>
                            </Placemark>
                                    
                            <Placemark>
                                <name>GEZPL (LEBL to EGKK)</name>
                                <Style>
                                    <LineStyle>
                                        <color>ffc9ffcc</color>
                                        <width>3</width>
                                    </LineStyle>
                                </Style>
                                <LineString>
                                    <tessellate>1</tessellate>
                                    <altitudeMode>clampToGround</altitudeMode>
                                    <coordinates>
                                        2.0783333333333336,41.29694444444444,0 -0.19027777777777777,51.14805555555556,0
                                    </coordinates>
                                </LineString>
                            </Placemark>
                                    
                            <Placemark>
                                <name>TCCPG (LEBL to LTFJ)</name>
                                <Style>
                                    <LineStyle>
                                        <color>ffc9ffcc</color>
                                        <width>3</width>
                                    </LineStyle>
                                </Style>
                                <LineString>
                                    <tessellate>1</tessellate>
                                    <altitudeMode>clampToGround</altitudeMode>
                                    <coordinates>
                                        2.0783333333333336,41.29694444444444,0 29.309166666666666,40.89833333333333,0
                                    </coordinates>
                                </LineString>
                            </Placemark>
                                    
                            <Placemark>
                                <name>ECMEA (LEBL to LIMC)</name>
                                <Style>
                                    <LineStyle>
                                        <color>ffffc9e1</color>
                                        <width>3</width>
                                    </LineStyle>
                                </Style>
                                <LineString>
                                    <tessellate>1</tessellate>
                                    <altitudeMode>clampToGround</altitudeMode>
                                    <coordinates>
                                        2.0783333333333336,41.29694444444444,0 8.723055555555556,45.63,0
                                    </coordinates>
                                </LineString>
                            </Placemark>
                                    
                            <Placemark>
                                <name>ECLTG (LEBL to EGHI)</name>
                                <Style>
                                    <LineStyle>
                                        <color>ffc9ffcc</color>
                                        <width>3</width>
                                    </LineStyle>
                                </Style>
                                <LineString>
                                    <tessellate>1</tessellate>
                                    <altitudeMode>clampToGround</altitudeMode>
                                    <coordinates>
                                        2.0783333333333336,41.29694444444444,0 -1.3566666666666667,50.95027777777778,0
                                    </coordinates>
                                </LineString>
                            </Placemark>
                                    
                            <Placemark>
                                <name>FGTAT (LEBL to LFPG)</name>
                                <Style>
                                    <LineStyle>
                                        <color>ffffc9e1</color>
                                        <width>3</width>
                                    </LineStyle>
                                </Style>
                                <LineString>
                                    <tessellate>1</tessellate>
                                    <altitudeMode>clampToGround</altitudeMode>
                                    <coordinates>
                                        2.0783333333333336,41.29694444444444,0 2.5477777777777777,49.00972222222222,0
                                    </coordinates>
                                </LineString>
                            </Placemark>
                                    
                            <Placemark>
                                <name>N900JG (LEBL to LIML)</name>
                                <Style>
                                    <LineStyle>
                                        <color>ffffc9e1</color>
                                        <width>3</width>
                                    </LineStyle>
                                </Style>
                                <LineString>
                                    <tessellate>1</tessellate>
                                    <altitudeMode>clampToGround</altitudeMode>
                                    <coordinates>
                                        2.0783333333333336,41.29694444444444,0 9.278333333333334,45.44944444444444,0
                                    </coordinates>
                                </LineString>
                            </Placemark>
                                    
                            <Placemark>
                                <name>GEUUY (LEBL to EGLL)</name>
                                <Style>
                                    <LineStyle>
                                        <color>ffc9ffcc</color>
                                        <width>3</width>
                                    </LineStyle>
                                </Style>
                                <LineString>
                                    <tessellate>1</tessellate>
                                    <altitudeMode>clampToGround</altitudeMode>
                                    <coordinates>
                                        2.0783333333333336,41.29694444444444,0 -0.4613888888888889,51.4775,0
                                    </coordinates>
                                </LineString>
                            </Placemark>
                                    
                            <Placemark>
                                <name>SUGCE (LEBL to HECA)</name>
                                <Style>
                                    <LineStyle>
                                        <color>ffc9ffcc</color>
                                        <width>3</width>
                                    </LineStyle>
                                </Style>
                                <LineString>
                                    <tessellate>1</tessellate>
                                    <altitudeMode>clampToGround</altitudeMode>
                                    <coordinates>
                                        2.0783333333333336,41.29694444444444,0 31.413888888888888,30.11138888888889,0
                                    </coordinates>
                                </LineString>
                            </Placemark>
                                    
                            <Placemark>
                                <name>A6EOP (LEBL to OMDB)</name>
                                <Style>
                                    <LineStyle>
                                        <color>ffc9ffcc</color>
                                        <width>3</width>
                                    </LineStyle>
                                </Style>
                                <LineString>
                                    <tessellate>1</tessellate>
                                    <altitudeMode>clampToGround</altitudeMode>
                                    <coordinates>
                                        2.0783333333333336,41.29694444444444,0 55.36,25.249166666666667,0
                                    </coordinates>
                                </LineString>
                            </Placemark>
                                    
                            <Placemark>
                                <name>ECLUN (LEBL to LFML)</name>
                                <Style>
                                    <LineStyle>
                                        <color>ffffc9e1</color>
                                        <width>3</width>
                                    </LineStyle>
                                </Style>
                                <LineString>
                                    <tessellate>1</tessellate>
                                    <altitudeMode>clampToGround</altitudeMode>
                                    <coordinates>
                                        2.0783333333333336,41.29694444444444,0 5.215,43.43666666666666,0
                                    </coordinates>
                                </LineString>
                            </Placemark>
                                    
                            <Placemark>
                                <name>ECLXV (LEBL to LEPA)</name>
                                <Style>
                                    <LineStyle>
                                        <color>ffffc9e1</color>
                                        <width>3</width>
                                    </LineStyle>
                                </Style>
                                <LineString>
                                    <tessellate>1</tessellate>
                                    <altitudeMode>clampToGround</altitudeMode>
                                    <coordinates>
                                        2.0783333333333336,41.29694444444444,0 2.738888888888889,39.55166666666666,0
                                    </coordinates>
                                </LineString>
                            </Placemark>
                                    
                            <Placemark>
                                <name>PHXRD (LEBL to EHAM)</name>
                                <Style>
                                    <LineStyle>
                                        <color>ffffc9e1</color>
                                        <width>3</width>
                                    </LineStyle>
                                </Style>
                                <LineString>
                                    <tessellate>1</tessellate>
                                    <altitudeMode>clampToGround</altitudeMode>
                                    <coordinates>
                                        2.0783333333333336,41.29694444444444,0 4.764166666666667,52.308055555555555,0
                                    </coordinates>
                                </LineString>
                            </Placemark>
                                    
                            <Placemark>
                                <name>EIFJN (LEBL to ENGM)</name>
                                <Style>
                                    <LineStyle>
                                        <color>ffffc9e1</color>
                                        <width>3</width>
                                    </LineStyle>
                                </Style>
                                <LineString>
                                    <tessellate>1</tessellate>
                                    <altitudeMode>clampToGround</altitudeMode>
                                    <coordinates>
                                        2.0783333333333336,41.29694444444444,0 11.08388888888889,60.20277777777778,0
                                    </coordinates>
                                </LineString>
                            </Placemark>
                                    
                            <Placemark>
                                <name>ECLOB (LEBL to EHAM)</name>
                                <Style>
                                    <LineStyle>
                                        <color>ffffc9e1</color>
                                        <width>3</width>
                                    </LineStyle>
                                </Style>
                                <LineString>
                                    <tessellate>1</tessellate>
                                    <altitudeMode>clampToGround</altitudeMode>
                                    <coordinates>
                                        2.0783333333333336,41.29694444444444,0 4.764166666666667,52.308055555555555,0
                                    </coordinates>
                                </LineString>
                            </Placemark>
                                    
                            <Placemark>
                                <name>OOSSW (LEBL to EBBR)</name>
                                <Style>
                                    <LineStyle>
                                        <color>ffffc9e1</color>
                                        <width>3</width>
                                    </LineStyle>
                                </Style>
                                <LineString>
                                    <tessellate>1</tessellate>
                                    <altitudeMode>clampToGround</altitudeMode>
                                    <coordinates>
                                        2.0783333333333336,41.29694444444444,0 4.484444444444445,50.90138888888889,0
                                    </coordinates>
                                </LineString>
                            </Placemark>
                                    
                            <Placemark>
                                <name>DAIRA (LEBL to EDDM)</name>
                                <Style>
                                    <LineStyle>
                                        <color>ffffc9e1</color>
                                        <width>3</width>
                                    </LineStyle>
                                </Style>
                                <LineString>
                                    <tessellate>1</tessellate>
                                    <altitudeMode>clampToGround</altitudeMode>
                                    <coordinates>
                                        2.0783333333333336,41.29694444444444,0 11.786111111111111,48.35388888888889,0
                                    </coordinates>
                                </LineString>
                            </Placemark>
                                    
                            <Placemark>
                                <name>DAISE (LEBL to EDDF)</name>
                                <Style>
                                    <LineStyle>
                                        <color>ffffc9e1</color>
                                        <width>3</width>
                                    </LineStyle>
                                </Style>
                                <LineString>
                                    <tessellate>1</tessellate>
                                    <altitudeMode>clampToGround</altitudeMode>
                                    <coordinates>
                                        2.0783333333333336,41.29694444444444,0 8.570555555555556,50.03333333333333,0
                                    </coordinates>
                                </LineString>
                            </Placemark>
                                    
                            <Placemark>
                                <name>EIFIY (LEBL to LEVD)</name>
                                <Style>
                                    <LineStyle>
                                        <color>ffffc9e1</color>
                                        <width>3</width>
                                    </LineStyle>
                                </Style>
                                <LineString>
                                    <tessellate>1</tessellate>
                                    <altitudeMode>clampToGround</altitudeMode>
                                    <coordinates>
                                        2.0783333333333336,41.29694444444444,0 -4.851944444444444,41.70611111111111,0
                                    </coordinates>
                                </LineString>
                            </Placemark>
                                    
                            <Placemark>
                                <name>ECHUH (LEBL to LEMD)</name>
                                <Style>
                                    <LineStyle>
                                        <color>ffffc9e1</color>
                                        <width>3</width>
                                    </LineStyle>
                                </Style>
                                <LineString>
                                    <tessellate>1</tessellate>
                                    <altitudeMode>clampToGround</altitudeMode>
                                    <coordinates>
                                        2.0783333333333336,41.29694444444444,0 -3.560833333333333,40.47222222222222,0
                                    </coordinates>
                                </LineString>
                            </Placemark>
                                    
                            <Placemark>
                                <name>GEUYB (LEBL to EGKK)</name>
                                <Style>
                                    <LineStyle>
                                        <color>ffc9ffcc</color>
                                        <width>3</width>
                                    </LineStyle>
                                </Style>
                                <LineString>
                                    <tessellate>1</tessellate>
                                    <altitudeMode>clampToGround</altitudeMode>
                                    <coordinates>
                                        2.0783333333333336,41.29694444444444,0 -0.19027777777777777,51.14805555555556,0
                                    </coordinates>
                                </LineString>
                            </Placemark>
                                    
                            <Placemark>
                                <name>FK123 (LEBL to LEGE)</name>
                                <Style>
                                    <LineStyle>
                                        <color>ffffc9e1</color>
                                        <width>3</width>
                                    </LineStyle>
                                </Style>
                                <LineString>
                                    <tessellate>1</tessellate>
                                    <altitudeMode>clampToGround</altitudeMode>
                                    <coordinates>
                                        2.0783333333333336,41.29694444444444,0 2.7605555555555554,41.90083333333333,0
                                    </coordinates>
                                </LineString>
                            </Placemark>
                                    
                            <Placemark>
                                <name>ECLST (LEBL to LEMH)</name>
                                <Style>
                                    <LineStyle>
                                        <color>ffffc9e1</color>
                                        <width>3</width>
                                    </LineStyle>
                                </Style>
                                <LineString>
                                    <tessellate>1</tessellate>
                                    <altitudeMode>clampToGround</altitudeMode>
                                    <coordinates>
                                        2.0783333333333336,41.29694444444444,0 4.2186111111111115,39.862500000000004,0
                                    </coordinates>
                                </LineString>
                            </Placemark>
                                    
                            <Placemark>
                                <name>EIDAE (LEBL to LEVX)</name>
                                <Style>
                                    <LineStyle>
                                        <color>ffffc9e1</color>
                                        <width>3</width>
                                    </LineStyle>
                                </Style>
                                <LineString>
                                    <tessellate>1</tessellate>
                                    <altitudeMode>clampToGround</altitudeMode>
                                    <coordinates>
                                        2.0783333333333336,41.29694444444444,0 -8.627500000000001,42.22916666666667,0
                                    </coordinates>
                                </LineString>
                            </Placemark>
                                    
                            <Placemark>
                                <name>ECJYX (LEBL to LEXJ)</name>
                                <Style>
                                    <LineStyle>
                                        <color>ffffc9e1</color>
                                        <width>3</width>
                                    </LineStyle>
                                </Style>
                                <LineString>
                                    <tessellate>1</tessellate>
                                    <altitudeMode>clampToGround</altitudeMode>
                                    <coordinates>
                                        2.0783333333333336,41.29694444444444,0 -3.82,43.426944444444445,0
                                    </coordinates>
                                </LineString>
                            </Placemark>
                                    
                            <Placemark>
                                <name>ECLQL (LEBL to EGLL)</name>
                                <Style>
                                    <LineStyle>
                                        <color>ffc9ffcc</color>
                                        <width>3</width>
                                    </LineStyle>
                                </Style>
                                <LineString>
                                    <tessellate>1</tessellate>
                                    <altitudeMode>clampToGround</altitudeMode>
                                    <coordinates>
                                        2.0783333333333336,41.29694444444444,0 -0.4613888888888889,51.4775,0
                                    </coordinates>
                                </LineString>
                            </Placemark>
                                    
                            <Placemark>
                                <name>EIFJL (LEBL to EKBI)</name>
                                <Style>
                                    <LineStyle>
                                        <color>ffffc9e1</color>
                                        <width>3</width>
                                    </LineStyle>
                                </Style>
                                <LineString>
                                    <tessellate>1</tessellate>
                                    <altitudeMode>clampToGround</altitudeMode>
                                    <coordinates>
                                        2.0783333333333336,41.29694444444444,0 9.151666666666667,55.74027777777778,0
                                    </coordinates>
                                </LineString>
                            </Placemark>
                                    
                            <Placemark>
                                <name>ECMGY (LEBL to LEIB)</name>
                                <Style>
                                    <LineStyle>
                                        <color>ffffc9e1</color>
                                        <width>3</width>
                                    </LineStyle>
                                </Style>
                                <LineString>
                                    <tessellate>1</tessellate>
                                    <altitudeMode>clampToGround</altitudeMode>
                                    <coordinates>
                                        2.0783333333333336,41.29694444444444,0 1.3730555555555557,38.87277777777778,0
                                    </coordinates>
                                </LineString>
                            </Placemark>
                                    
                            <Placemark>
                                <name>EIDWK (LEBL to LEMH)</name>
                                <Style>
                                    <LineStyle>
                                        <color>ffffc9e1</color>
                                        <width>3</width>
                                    </LineStyle>
                                </Style>
                                <LineString>
                                    <tessellate>1</tessellate>
                                    <altitudeMode>clampToGround</altitudeMode>
                                    <coordinates>
                                        2.0783333333333336,41.29694444444444,0 4.2186111111111115,39.862500000000004,0
                                    </coordinates>
                                </LineString>
                            </Placemark>
                                    
                            <Placemark>
                                <name>CSTTN (LEBL to LPPT)</name>
                                <Style>
                                    <LineStyle>
                                        <color>ffffc9e1</color>
                                        <width>3</width>
                                    </LineStyle>
                                </Style>
                                <LineString>
                                    <tessellate>1</tessellate>
                                    <altitudeMode>clampToGround</altitudeMode>
                                    <coordinates>
                                        2.0783333333333336,41.29694444444444,0 -9.134166666666665,38.774166666666666,0
                                    </coordinates>
                                </LineString>
                            </Placemark>
                                    
                            <Placemark>
                                <name>EIDAM (LEBL to EIDW)</name>
                                <Style>
                                    <LineStyle>
                                        <color>ffc9ffcc</color>
                                        <width>3</width>
                                    </LineStyle>
                                </Style>
                                <LineString>
                                    <tessellate>1</tessellate>
                                    <altitudeMode>clampToGround</altitudeMode>
                                    <coordinates>
                                        2.0783333333333336,41.29694444444444,0 -6.27,53.421388888888885,0
                                    </coordinates>
                                </LineString>
                            </Placemark>
                                    
                            <Placemark>
                                <name>ECMGF (LEBL to EDDF)</name>
                                <Style>
                                    <LineStyle>
                                        <color>ffffc9e1</color>
                                        <width>3</width>
                                    </LineStyle>
                                </Style>
                                <LineString>
                                    <tessellate>1</tessellate>
                                    <altitudeMode>clampToGround</altitudeMode>
                                    <coordinates>
                                        2.0783333333333336,41.29694444444444,0 8.570555555555556,50.03333333333333,0
                                    </coordinates>
                                </LineString>
                            </Placemark>
                                    
                            <Placemark>
                                <name>EIFJM (LEBL to EKCH)</name>
                                <Style>
                                    <LineStyle>
                                        <color>ffffc9e1</color>
                                        <width>3</width>
                                    </LineStyle>
                                </Style>
                                <LineString>
                                    <tessellate>1</tessellate>
                                    <altitudeMode>clampToGround</altitudeMode>
                                    <coordinates>
                                        2.0783333333333336,41.29694444444444,0 12.65611111111111,55.61805555555556,0
                                    </coordinates>
                                </LineString>
                            </Placemark>
                                    
                            <Placemark>
                                <name>DAISR (LEBL to EDDF)</name>
                                <Style>
                                    <LineStyle>
                                        <color>ffffc9e1</color>
                                        <width>3</width>
                                    </LineStyle>
                                </Style>
                                <LineString>
                                    <tessellate>1</tessellate>
                                    <altitudeMode>clampToGround</altitudeMode>
                                    <coordinates>
                                        2.0783333333333336,41.29694444444444,0 8.570555555555556,50.03333333333333,0
                                    </coordinates>
                                </LineString>
                            </Placemark>
                                    
                            <Placemark>
                                <name>HBJYL (LEBL to LSGG)</name>
                                <Style>
                                    <LineStyle>
                                        <color>ffffc9e1</color>
                                        <width>3</width>
                                    </LineStyle>
                                </Style>
                                <LineString>
                                    <tessellate>1</tessellate>
                                    <altitudeMode>clampToGround</altitudeMode>
                                    <coordinates>
                                        2.0783333333333336,41.29694444444444,0 6.109444444444444,46.23833333333334,0
                                    </coordinates>
                                </LineString>
                            </Placemark>
                                    
                            <Placemark>
                                <name>LYVEO (LEBL to LFPG)</name>
                                <Style>
                                    <LineStyle>
                                        <color>ffffc9e1</color>
                                        <width>3</width>
                                    </LineStyle>
                                </Style>
                                <LineString>
                                    <tessellate>1</tessellate>
                                    <altitudeMode>clampToGround</altitudeMode>
                                    <coordinates>
                                        2.0783333333333336,41.29694444444444,0 2.5477777777777777,49.00972222222222,0
                                    </coordinates>
                                </LineString>
                            </Placemark>
                                    
                            <Placemark>
                                <name>HBJXE (LEBL to LFSB)</name>
                                <Style>
                                    <LineStyle>
                                        <color>ffffc9e1</color>
                                        <width>3</width>
                                    </LineStyle>
                                </Style>
                                <LineString>
                                    <tessellate>1</tessellate>
                                    <altitudeMode>clampToGround</altitudeMode>
                                    <coordinates>
                                        2.0783333333333336,41.29694444444444,0 7.529166666666667,47.59,0
                                    </coordinates>
                                </LineString>
                            </Placemark>
                                    
                            <Placemark>
                                <name>LYVEV (LEBL to LEPA)</name>
                                <Style>
                                    <LineStyle>
                                        <color>ffffc9e1</color>
                                        <width>3</width>
                                    </LineStyle>
                                </Style>
                                <LineString>
                                    <tessellate>1</tessellate>
                                    <altitudeMode>clampToGround</altitudeMode>
                                    <coordinates>
                                        2.0783333333333336,41.29694444444444,0 2.738888888888889,39.55166666666666,0
                                    </coordinates>
                                </LineString>
                            </Placemark>
                                    
                            <Placemark>
                                <name>EIENO (LEBL to LHBP)</name>
                                <Style>
                                    <LineStyle>
                                        <color>ffffc9e1</color>
                                        <width>3</width>
                                    </LineStyle>
                                </Style>
                                <LineString>
                                    <tessellate>1</tessellate>
                                    <altitudeMode>clampToGround</altitudeMode>
                                    <coordinates>
                                        2.0783333333333336,41.29694444444444,0 19.261944444444445,47.43944444444444,0
                                    </coordinates>
                                </LineString>
                            </Placemark>
                                    
                            <Placemark>
                                <name>N969AV (LEBL to SKBO)</name>
                                <Style>
                                    <LineStyle>
                                        <color>ffc9ffcc</color>
                                        <width>3</width>
                                    </LineStyle>
                                </Style>
                                <LineString>
                                    <tessellate>1</tessellate>
                                    <altitudeMode>clampToGround</altitudeMode>
                                    <coordinates>
                                        2.0783333333333336,41.29694444444444,0 -74.15,4.7,0
                                    </coordinates>
                                </LineString>
                            </Placemark>
                                    
                            <Placemark>
                                <name>A6AIN (LEBL to OMAA)</name>
                                <Style>
                                    <LineStyle>
                                        <color>ffc9ffcc</color>
                                        <width>3</width>
                                    </LineStyle>
                                </Style>
                                <LineString>
                                    <tessellate>1</tessellate>
                                    <altitudeMode>clampToGround</altitudeMode>
                                    <coordinates>
                                        2.0783333333333336,41.29694444444444,0 54.65,24.433333333333334,0
                                    </coordinates>
                                </LineString>
                            </Placemark>
                                    
                            <Placemark>
                                <name>OYRUP (LEBL to GCLP)</name>
                                <Style>
                                    <LineStyle>
                                        <color>ffc9ffcc</color>
                                        <width>3</width>
                                    </LineStyle>
                                </Style>
                                <LineString>
                                    <tessellate>1</tessellate>
                                    <altitudeMode>clampToGround</altitudeMode>
                                    <coordinates>
                                        2.0783333333333336,41.29694444444444,0 -15.386666666666667,27.931944444444447,0
                                    </coordinates>
                                </LineString>
                            </Placemark>
                                    
                            <Placemark>
                                <name>A7AEC (LEBL to OTHH)</name>
                                <Style>
                                    <LineStyle>
                                        <color>ffc9ffcc</color>
                                        <width>3</width>
                                    </LineStyle>
                                </Style>
                                <LineString>
                                    <tessellate>1</tessellate>
                                    <altitudeMode>clampToGround</altitudeMode>
                                    <coordinates>
                                        2.0783333333333336,41.29694444444444,0 51.608333333333334,25.274444444444445,0
                                    </coordinates>
                                </LineString>
                            </Placemark>
                                    
                            <Placemark>
                                <name>EIFJP (LEBL to LEPA)</name>
                                <Style>
                                    <LineStyle>
                                        <color>ffffc9e1</color>
                                        <width>3</width>
                                    </LineStyle>
                                </Style>
                                <LineString>
                                    <tessellate>1</tessellate>
                                    <altitudeMode>clampToGround</altitudeMode>
                                    <coordinates>
                                        2.0783333333333336,41.29694444444444,0 2.738888888888889,39.55166666666666,0
                                    </coordinates>
                                </LineString>
                            </Placemark>
                                    
                            <Placemark>
                                <name>EX321 (LEBL to LFMD)</name>
                                <Style>
                                    <LineStyle>
                                        <color>ffffc9e1</color>
                                        <width>3</width>
                                    </LineStyle>
                                </Style>
                                <LineString>
                                    <tessellate>1</tessellate>
                                    <altitudeMode>clampToGround</altitudeMode>
                                    <coordinates>
                                        2.0783333333333336,41.29694444444444,0 6.954166666666667,43.546388888888885,0
                                    </coordinates>
                                </LineString>
                            </Placemark>
                                    
                            <Placemark>
                                <name>ECLML (LEBL to LFLL)</name>
                                <Style>
                                    <LineStyle>
                                        <color>ffffc9e1</color>
                                        <width>3</width>
                                    </LineStyle>
                                </Style>
                                <LineString>
                                    <tessellate>1</tessellate>
                                    <altitudeMode>clampToGround</altitudeMode>
                                    <coordinates>
                                        2.0783333333333336,41.29694444444444,0 5.0811111111111105,45.72555555555556,0
                                    </coordinates>
                                </LineString>
                            </Placemark>
                                    
                            <Placemark>
                                <name>ECMKV (LEBL to LESO)</name>
                                <Style>
                                    <LineStyle>
                                        <color>ffffc9e1</color>
                                        <width>3</width>
                                    </LineStyle>
                                </Style>
                                <LineString>
                                    <tessellate>1</tessellate>
                                    <altitudeMode>clampToGround</altitudeMode>
                                    <coordinates>
                                        2.0783333333333336,41.29694444444444,0 -1.7905555555555555,43.35638888888889,0
                                    </coordinates>
                                </LineString>
                            </Placemark>
                                    
                            <Placemark>
                                <name>ECJTR (LEBL to LEMH)</name>
                                <Style>
                                    <LineStyle>
                                        <color>ffffc9e1</color>
                                        <width>3</width>
                                    </LineStyle>
                                </Style>
                                <LineString>
                                    <tessellate>1</tessellate>
                                    <altitudeMode>clampToGround</altitudeMode>
                                    <coordinates>
                                        2.0783333333333336,41.29694444444444,0 4.2186111111111115,39.862500000000004,0
                                    </coordinates>
                                </LineString>
                            </Placemark>
                                    
                            <Placemark>
                                <name>ECJNI (LEBL to LEMD)</name>
                                <Style>
                                    <LineStyle>
                                        <color>ffffc9e1</color>
                                        <width>3</width>
                                    </LineStyle>
                                </Style>
                                <LineString>
                                    <tessellate>1</tessellate>
                                    <altitudeMode>clampToGround</altitudeMode>
                                    <coordinates>
                                        2.0783333333333336,41.29694444444444,0 -3.560833333333333,40.47222222222222,0
                                    </coordinates>
                                </LineString>
                            </Placemark>
                                    
                            <Placemark>
                                <name>ECJGM (LEBL to LEMD)</name>
                                <Style>
                                    <LineStyle>
                                        <color>ffffc9e1</color>
                                        <width>3</width>
                                    </LineStyle>
                                </Style>
                                <LineString>
                                    <tessellate>1</tessellate>
                                    <altitudeMode>clampToGround</altitudeMode>
                                    <coordinates>
                                        2.0783333333333336,41.29694444444444,0 -3.560833333333333,40.47222222222222,0
                                    </coordinates>
                                </LineString>
                            </Placemark>
                                    
                            <Placemark>
                                <name>PHBXG (LEBL to EHAM)</name>
                                <Style>
                                    <LineStyle>
                                        <color>ffffc9e1</color>
                                        <width>3</width>
                                    </LineStyle>
                                </Style>
                                <LineString>
                                    <tessellate>1</tessellate>
                                    <altitudeMode>clampToGround</altitudeMode>
                                    <coordinates>
                                        2.0783333333333336,41.29694444444444,0 4.764166666666667,52.308055555555555,0
                                    </coordinates>
                                </LineString>
                            </Placemark>
                                    
                            <Placemark>
                                <name>ECMBK (LEBL to LEIB)</name>
                                <Style>
                                    <LineStyle>
                                        <color>ffffc9e1</color>
                                        <width>3</width>
                                    </LineStyle>
                                </Style>
                                <LineString>
                                    <tessellate>1</tessellate>
                                    <altitudeMode>clampToGround</altitudeMode>
                                    <coordinates>
                                        2.0783333333333336,41.29694444444444,0 1.3730555555555557,38.87277777777778,0
                                    </coordinates>
                                </LineString>
                            </Placemark>
                                    
                            <Placemark>
                                <name>CNNMH (LEBL to GMTT)</name>
                                <Style>
                                    <LineStyle>
                                        <color>ffc9ffcc</color>
                                        <width>3</width>
                                    </LineStyle>
                                </Style>
                                <LineString>
                                    <tessellate>1</tessellate>
                                    <altitudeMode>clampToGround</altitudeMode>
                                    <coordinates>
                                        2.0783333333333336,41.29694444444444,0 -5.921111111111111,35.73166666666667,0
                                    </coordinates>
                                </LineString>
                            </Placemark>
                                    
                            <Placemark>
                                <name>EIFJK (LEBL to EGKK)</name>
                                <Style>
                                    <LineStyle>
                                        <color>ffc9ffcc</color>
                                        <width>3</width>
                                    </LineStyle>
                                </Style>
                                <LineString>
                                    <tessellate>1</tessellate>
                                    <altitudeMode>clampToGround</altitudeMode>
                                    <coordinates>
                                        2.0783333333333336,41.29694444444444,0 -0.19027777777777777,51.14805555555556,0
                                    </coordinates>
                                </LineString>
                            </Placemark>
                                    
                            <Placemark>
                                <name>ECMHB (LEBL to EGKK)</name>
                                <Style>
                                    <LineStyle>
                                        <color>ffc9ffcc</color>
                                        <width>3</width>
                                    </LineStyle>
                                </Style>
                                <LineString>
                                    <tessellate>1</tessellate>
                                    <altitudeMode>clampToGround</altitudeMode>
                                    <coordinates>
                                        2.0783333333333336,41.29694444444444,0 -0.19027777777777777,51.14805555555556,0
                                    </coordinates>
                                </LineString>
                            </Placemark>
                                    
                            <Placemark>
                                <name>EIDCJ (LEBL to EDDB)</name>
                                <Style>
                                    <LineStyle>
                                        <color>ffffc9e1</color>
                                        <width>3</width>
                                    </LineStyle>
                                </Style>
                                <LineString>
                                    <tessellate>1</tessellate>
                                    <altitudeMode>clampToGround</altitudeMode>
                                    <coordinates>
                                        2.0783333333333336,41.29694444444444,0 13.500555555555556,52.36222222222222,0
                                    </coordinates>
                                </LineString>
                            </Placemark>
                                    
                            <Placemark>
                                <name>ECMBS (LEBL to LEZL)</name>
                                <Style>
                                    <LineStyle>
                                        <color>ffffc9e1</color>
                                        <width>3</width>
                                    </LineStyle>
                                </Style>
                                <LineString>
                                    <tessellate>1</tessellate>
                                    <altitudeMode>clampToGround</altitudeMode>
                                    <coordinates>
                                        2.0783333333333336,41.29694444444444,0 -5.898888888888888,37.418055555555554,0
                                    </coordinates>
                                </LineString>
                            </Placemark>
                                    
                            <Placemark>
                                <name>ECLQK (LEBL to EIDW)</name>
                                <Style>
                                    <LineStyle>
                                        <color>ffc9ffcc</color>
                                        <width>3</width>
                                    </LineStyle>
                                </Style>
                                <LineString>
                                    <tessellate>1</tessellate>
                                    <altitudeMode>clampToGround</altitudeMode>
                                    <coordinates>
                                        2.0783333333333336,41.29694444444444,0 -6.27,53.421388888888885,0
                                    </coordinates>
                                </LineString>
                            </Placemark>
                                    
                            <Placemark>
                                <name>ECLAA (LEBL to LEST)</name>
                                <Style>
                                    <LineStyle>
                                        <color>ffffc9e1</color>
                                        <width>3</width>
                                    </LineStyle>
                                </Style>
                                <LineString>
                                    <tessellate>1</tessellate>
                                    <altitudeMode>clampToGround</altitudeMode>
                                    <coordinates>
                                        2.0783333333333336,41.29694444444444,0 -8.415277777777778,42.896388888888886,0
                                    </coordinates>
                                </LineString>
                            </Placemark>
                                    
                            <Placemark>
                                <name>ECMJZ (LEBL to LELN)</name>
                                <Style>
                                    <LineStyle>
                                        <color>ffffc9e1</color>
                                        <width>3</width>
                                    </LineStyle>
                                </Style>
                                <LineString>
                                    <tessellate>1</tessellate>
                                    <altitudeMode>clampToGround</altitudeMode>
                                    <coordinates>
                                        2.0783333333333336,41.29694444444444,0 -5.6561111111111115,42.58861111111111,0
                                    </coordinates>
                                </LineString>
                            </Placemark>
                                    
                            <Placemark>
                                <name>ECJFF (LEBL to LDDU)</name>
                                <Style>
                                    <LineStyle>
                                        <color>ffc9ffcc</color>
                                        <width>3</width>
                                    </LineStyle>
                                </Style>
                                <LineString>
                                    <tessellate>1</tessellate>
                                    <altitudeMode>clampToGround</altitudeMode>
                                    <coordinates>
                                        2.0783333333333336,41.29694444444444,0 18.26833333333333,42.561388888888885,0
                                    </coordinates>
                                </LineString>
                            </Placemark>
                                    
                            <Placemark>
                                <name>ECLRY (LEBL to EDDM)</name>
                                <Style>
                                    <LineStyle>
                                        <color>ffffc9e1</color>
                                        <width>3</width>
                                    </LineStyle>
                                </Style>
                                <LineString>
                                    <tessellate>1</tessellate>
                                    <altitudeMode>clampToGround</altitudeMode>
                                    <coordinates>
                                        2.0783333333333336,41.29694444444444,0 11.786111111111111,48.35388888888889,0
                                    </coordinates>
                                </LineString>
                            </Placemark>
                                    
                            <Placemark>
                                <name>ECJTQ (LEBL to LEVD)</name>
                                <Style>
                                    <LineStyle>
                                        <color>ffffc9e1</color>
                                        <width>3</width>
                                    </LineStyle>
                                </Style>
                                <LineString>
                                    <tessellate>1</tessellate>
                                    <altitudeMode>clampToGround</altitudeMode>
                                    <coordinates>
                                        2.0783333333333336,41.29694444444444,0 -4.851944444444444,41.70611111111111,0
                                    </coordinates>
                                </LineString>
                            </Placemark>
                                    
                            <Placemark>
                                <name>ECMBF (LEBL to LFPO)</name>
                                <Style>
                                    <LineStyle>
                                        <color>ffffc9e1</color>
                                        <width>3</width>
                                    </LineStyle>
                                </Style>
                                <LineString>
                                    <tessellate>1</tessellate>
                                    <altitudeMode>clampToGround</altitudeMode>
                                    <coordinates>
                                        2.0783333333333336,41.29694444444444,0 2.3794444444444447,48.723333333333336,0
                                    </coordinates>
                                </LineString>
                            </Placemark>
                                    
                            <Placemark>
                                <name>ECLZN (LEBL to LKPR)</name>
                                <Style>
                                    <LineStyle>
                                        <color>ffffc9e1</color>
                                        <width>3</width>
                                    </LineStyle>
                                </Style>
                                <LineString>
                                    <tessellate>1</tessellate>
                                    <altitudeMode>clampToGround</altitudeMode>
                                    <coordinates>
                                        2.0783333333333336,41.29694444444444,0 14.26,50.100833333333334,0
                                    </coordinates>
                                </LineString>
                            </Placemark>
                                    
                            <Placemark>
                                <name>ECMGE (LEBL to EGGW)</name>
                                <Style>
                                    <LineStyle>
                                        <color>ffc9ffcc</color>
                                        <width>3</width>
                                    </LineStyle>
                                </Style>
                                <LineString>
                                    <tessellate>1</tessellate>
                                    <altitudeMode>clampToGround</altitudeMode>
                                    <coordinates>
                                        2.0783333333333336,41.29694444444444,0 -0.3683333333333333,51.874722222222225,0
                                    </coordinates>
                                </LineString>
                            </Placemark>
                                    
                            <Placemark>
                                <name>LNRRG (LEBL to ENGM)</name>
                                <Style>
                                    <LineStyle>
                                        <color>ffffc9e1</color>
                                        <width>3</width>
                                    </LineStyle>
                                </Style>
                                <LineString>
                                    <tessellate>1</tessellate>
                                    <altitudeMode>clampToGround</altitudeMode>
                                    <coordinates>
                                        2.0783333333333336,41.29694444444444,0 11.08388888888889,60.20277777777778,0
                                    </coordinates>
                                </LineString>
                            </Placemark>
                                    
                            <Placemark>
                                <name>FHEPB (LEBL to LFPG)</name>
                                <Style>
                                    <LineStyle>
                                        <color>ffffc9e1</color>
                                        <width>3</width>
                                    </LineStyle>
                                </Style>
                                <LineString>
                                    <tessellate>1</tessellate>
                                    <altitudeMode>clampToGround</altitudeMode>
                                    <coordinates>
                                        2.0783333333333336,41.29694444444444,0 2.5477777777777777,49.00972222222222,0
                                    </coordinates>
                                </LineString>
                            </Placemark>
                                    
                            <Placemark>
                                <name>ECMKM (LEBL to LPPR)</name>
                                <Style>
                                    <LineStyle>
                                        <color>ffffc9e1</color>
                                        <width>3</width>
                                    </LineStyle>
                                </Style>
                                <LineString>
                                    <tessellate>1</tessellate>
                                    <altitudeMode>clampToGround</altitudeMode>
                                    <coordinates>
                                        2.0783333333333336,41.29694444444444,0 -8.678055555555554,41.23555555555556,0
                                    </coordinates>
                                </LineString>
                            </Placemark>
                                    
                            <Placemark>
                                <name>VQBBG (LEBL to UUEE)</name>
                                <Style>
                                    <LineStyle>
                                        <color>ffc9ffcc</color>
                                        <width>3</width>
                                    </LineStyle>
                                </Style>
                                <LineString>
                                    <tessellate>1</tessellate>
                                    <altitudeMode>clampToGround</altitudeMode>
                                    <coordinates>
                                        2.0783333333333336,41.29694444444444,0 37.41305555555555,55.972500000000004,0
                                    </coordinates>
                                </LineString>
                            </Placemark>
                                    
                            <Placemark>
                                <name>ECMKX (LEBL to EDDL)</name>
                                <Style>
                                    <LineStyle>
                                        <color>ffffc9e1</color>
                                        <width>3</width>
                                    </LineStyle>
                                </Style>
                                <LineString>
                                    <tessellate>1</tessellate>
                                    <altitudeMode>clampToGround</altitudeMode>
                                    <coordinates>
                                        2.0783333333333336,41.29694444444444,0 6.7572222222222225,51.280833333333334,0
                                    </coordinates>
                                </LineString>
                            </Placemark>
                                    
                            <Placemark>
                                <name>TCDCF (LEBL to LTFJ)</name>
                                <Style>
                                    <LineStyle>
                                        <color>ffc9ffcc</color>
                                        <width>3</width>
                                    </LineStyle>
                                </Style>
                                <LineString>
                                    <tessellate>1</tessellate>
                                    <altitudeMode>clampToGround</altitudeMode>
                                    <coordinates>
                                        2.0783333333333336,41.29694444444444,0 29.309166666666666,40.89833333333333,0
                                    </coordinates>
                                </LineString>
                            </Placemark>
                                    
                            <Placemark>
                                <name>IBIXS (LEBL to LIRF)</name>
                                <Style>
                                    <LineStyle>
                                        <color>ffffc9e1</color>
                                        <width>3</width>
                                    </LineStyle>
                                </Style>
                                <LineString>
                                    <tessellate>1</tessellate>
                                    <altitudeMode>clampToGround</altitudeMode>
                                    <coordinates>
                                        2.0783333333333336,41.29694444444444,0 12.238888888888889,41.80027777777777,0
                                    </coordinates>
                                </LineString>
                            </Placemark>
                                    
                            <Placemark>
                                <name>HBIOH (LEBL to LSZH)</name>
                                <Style>
                                    <LineStyle>
                                        <color>ffffc9e1</color>
                                        <width>3</width>
                                    </LineStyle>
                                </Style>
                                <LineString>
                                    <tessellate>1</tessellate>
                                    <altitudeMode>clampToGround</altitudeMode>
                                    <coordinates>
                                        2.0783333333333336,41.29694444444444,0 8.548055555555555,47.45805555555556,0
                                    </coordinates>
                                </LineString>
                            </Placemark>
                                    
                            <Placemark>
                                <name>ECJFN (LEBL to LEMD)</name>
                                <Style>
                                    <LineStyle>
                                        <color>ffffc9e1</color>
                                        <width>3</width>
                                    </LineStyle>
                                </Style>
                                <LineString>
                                    <tessellate>1</tessellate>
                                    <altitudeMode>clampToGround</altitudeMode>
                                    <coordinates>
                                        2.0783333333333336,41.29694444444444,0 -3.560833333333333,40.47222222222222,0
                                    </coordinates>
                                </LineString>
                            </Placemark>
                                    
                            <Placemark>
                                <name>ECKCU (LEBL to LIRF)</name>
                                <Style>
                                    <LineStyle>
                                        <color>ffffc9e1</color>
                                        <width>3</width>
                                    </LineStyle>
                                </Style>
                                <LineString>
                                    <tessellate>1</tessellate>
                                    <altitudeMode>clampToGround</altitudeMode>
                                    <coordinates>
                                        2.0783333333333336,41.29694444444444,0 12.238888888888889,41.80027777777777,0
                                    </coordinates>
                                </LineString>
                            </Placemark>
                                    
                            <Placemark>
                                <name>ECHHA (LEBL to LSZH)</name>
                                <Style>
                                    <LineStyle>
                                        <color>ffffc9e1</color>
                                        <width>3</width>
                                    </LineStyle>
                                </Style>
                                <LineString>
                                    <tessellate>1</tessellate>
                                    <altitudeMode>clampToGround</altitudeMode>
                                    <coordinates>
                                        2.0783333333333336,41.29694444444444,0 8.548055555555555,47.45805555555556,0
                                    </coordinates>
                                </LineString>
                            </Placemark>
                                    
                            <Placemark>
                                <name>GTTOE (LEBL to EGLL)</name>
                                <Style>
                                    <LineStyle>
                                        <color>ffc9ffcc</color>
                                        <width>3</width>
                                    </LineStyle>
                                </Style>
                                <LineString>
                                    <tessellate>1</tessellate>
                                    <altitudeMode>clampToGround</altitudeMode>
                                    <coordinates>
                                        2.0783333333333336,41.29694444444444,0 -0.4613888888888889,51.4775,0
                                    </coordinates>
                                </LineString>
                            </Placemark>
                                    
                            <Placemark>
                                <name>EIDHT (LEBL to EGSS)</name>
                                <Style>
                                    <LineStyle>
                                        <color>ffc9ffcc</color>
                                        <width>3</width>
                                    </LineStyle>
                                </Style>
                                <LineString>
                                    <tessellate>1</tessellate>
                                    <altitudeMode>clampToGround</altitudeMode>
                                    <coordinates>
                                        2.0783333333333336,41.29694444444444,0 0.23500000000000001,51.885,0
                                    </coordinates>
                                </LineString>
                            </Placemark>
                                    
                            <Placemark>
                                <name>DAIRD (LEBL to EDDM)</name>
                                <Style>
                                    <LineStyle>
                                        <color>ffffc9e1</color>
                                        <width>3</width>
                                    </LineStyle>
                                </Style>
                                <LineString>
                                    <tessellate>1</tessellate>
                                    <altitudeMode>clampToGround</altitudeMode>
                                    <coordinates>
                                        2.0783333333333336,41.29694444444444,0 11.786111111111111,48.35388888888889,0
                                    </coordinates>
                                </LineString>
                            </Placemark>
                                    
                            <Placemark>
                                <name>DIERF (LEBL to EDDP)</name>
                                <Style>
                                    <LineStyle>
                                        <color>ffffc9e1</color>
                                        <width>3</width>
                                    </LineStyle>
                                </Style>
                                <LineString>
                                    <tessellate>1</tessellate>
                                    <altitudeMode>clampToGround</altitudeMode>
                                    <coordinates>
                                        2.0783333333333336,41.29694444444444,0 12.236388888888888,51.42388888888889,0
                                    </coordinates>
                                </LineString>
                            </Placemark>
                                    
                            <Placemark>
                                <name>EIEFW (LEBL to EGGP)</name>
                                <Style>
                                    <LineStyle>
                                        <color>ffc9ffcc</color>
                                        <width>3</width>
                                    </LineStyle>
                                </Style>
                                <LineString>
                                    <tessellate>1</tessellate>
                                    <altitudeMode>clampToGround</altitudeMode>
                                    <coordinates>
                                        2.0783333333333336,41.29694444444444,0 -2.8497222222222223,53.33361111111111,0
                                    </coordinates>
                                </LineString>
                            </Placemark>
                                    
                            <Placemark>
                                <name>DAIDQ (LEBL to EDDF)</name>
                                <Style>
                                    <LineStyle>
                                        <color>ffffc9e1</color>
                                        <width>3</width>
                                    </LineStyle>
                                </Style>
                                <LineString>
                                    <tessellate>1</tessellate>
                                    <altitudeMode>clampToGround</altitudeMode>
                                    <coordinates>
                                        2.0783333333333336,41.29694444444444,0 8.570555555555556,50.03333333333333,0
                                    </coordinates>
                                </LineString>
                            </Placemark>
                                    
                            <Placemark>
                                <name>SXABE (LEBL to EBBR)</name>
                                <Style>
                                    <LineStyle>
                                        <color>ffffc9e1</color>
                                        <width>3</width>
                                    </LineStyle>
                                </Style>
                                <LineString>
                                    <tessellate>1</tessellate>
                                    <altitudeMode>clampToGround</altitudeMode>
                                    <coordinates>
                                        2.0783333333333336,41.29694444444444,0 4.484444444444445,50.90138888888889,0
                                    </coordinates>
                                </LineString>
                            </Placemark>
                                    
                            <Placemark>
                                <name>TCJIP (LEBL to LTBA)</name>
                                <Style>
                                    <LineStyle>
                                        <color>ffc9ffcc</color>
                                        <width>3</width>
                                    </LineStyle>
                                </Style>
                                <LineString>
                                    <tessellate>1</tessellate>
                                    <altitudeMode>clampToGround</altitudeMode>
                                    <coordinates>
                                        2.0783333333333336,41.29694444444444,0 28.81416666666667,40.976111111111116,0
                                    </coordinates>
                                </LineString>
                            </Placemark>
                                    
                            <Placemark>
                                <name>VPBAS (LEBL to UUDD)</name>
                                <Style>
                                    <LineStyle>
                                        <color>ffc9ffcc</color>
                                        <width>3</width>
                                    </LineStyle>
                                </Style>
                                <LineString>
                                    <tessellate>1</tessellate>
                                    <altitudeMode>clampToGround</altitudeMode>
                                    <coordinates>
                                        2.0783333333333336,41.29694444444444,0 37.906388888888884,55.40861111111111,0
                                    </coordinates>
                                </LineString>
                            </Placemark>
                                    
                            <Placemark>
                                <name>ECKMI (LEBL to LEMD)</name>
                                <Style>
                                    <LineStyle>
                                        <color>ffffc9e1</color>
                                        <width>3</width>
                                    </LineStyle>
                                </Style>
                                <LineString>
                                    <tessellate>1</tessellate>
                                    <altitudeMode>clampToGround</altitudeMode>
                                    <coordinates>
                                        2.0783333333333336,41.29694444444444,0 -3.560833333333333,40.47222222222222,0
                                    </coordinates>
                                </LineString>
                            </Placemark>
                                    
                            <Placemark>
                                <name>ECMGZ (LEBL to EHAM)</name>
                                <Style>
                                    <LineStyle>
                                        <color>ffffc9e1</color>
                                        <width>3</width>
                                    </LineStyle>
                                </Style>
                                <LineString>
                                    <tessellate>1</tessellate>
                                    <altitudeMode>clampToGround</altitudeMode>
                                    <coordinates>
                                        2.0783333333333336,41.29694444444444,0 4.764166666666667,52.308055555555555,0
                                    </coordinates>
                                </LineString>
                            </Placemark>
                                    
                            <Placemark>
                                <name>ECLXV (LEBL to LEPA)</name>
                                <Style>
                                    <LineStyle>
                                        <color>ffffc9e1</color>
                                        <width>3</width>
                                    </LineStyle>
                                </Style>
                                <LineString>
                                    <tessellate>1</tessellate>
                                    <altitudeMode>clampToGround</altitudeMode>
                                    <coordinates>
                                        2.0783333333333336,41.29694444444444,0 2.738888888888889,39.55166666666666,0
                                    </coordinates>
                                </LineString>
                            </Placemark>
                                    
                            <Placemark>
                                <name>EIEPG (LEBL to LFOB)</name>
                                <Style>
                                    <LineStyle>
                                        <color>ffffc9e1</color>
                                        <width>3</width>
                                    </LineStyle>
                                </Style>
                                <LineString>
                                    <tessellate>1</tessellate>
                                    <altitudeMode>clampToGround</altitudeMode>
                                    <coordinates>
                                        2.0783333333333336,41.29694444444444,0 2.112777777777778,49.45444444444445,0
                                    </coordinates>
                                </LineString>
                            </Placemark>
                                    
                            <Placemark>
                                <name>GEZWZ (LEBL to EGKK)</name>
                                <Style>
                                    <LineStyle>
                                        <color>ffc9ffcc</color>
                                        <width>3</width>
                                    </LineStyle>
                                </Style>
                                <LineString>
                                    <tessellate>1</tessellate>
                                    <altitudeMode>clampToGround</altitudeMode>
                                    <coordinates>
                                        2.0783333333333336,41.29694444444444,0 -0.19027777777777777,51.14805555555556,0
                                    </coordinates>
                                </LineString>
                            </Placemark>
                                    
                            <Placemark>
                                <name>CNRGG (LEBL to GMMN)</name>
                                <Style>
                                    <LineStyle>
                                        <color>ffc9ffcc</color>
                                        <width>3</width>
                                    </LineStyle>
                                </Style>
                                <LineString>
                                    <tessellate>1</tessellate>
                                    <altitudeMode>clampToGround</altitudeMode>
                                    <coordinates>
                                        2.0783333333333336,41.29694444444444,0 -7.581666666666666,33.36416666666667,0
                                    </coordinates>
                                </LineString>
                            </Placemark>
                                    
                            <Placemark>
                                <name>ECMJR (LEBL to LIMC)</name>
                                <Style>
                                    <LineStyle>
                                        <color>ffffc9e1</color>
                                        <width>3</width>
                                    </LineStyle>
                                </Style>
                                <LineString>
                                    <tessellate>1</tessellate>
                                    <altitudeMode>clampToGround</altitudeMode>
                                    <coordinates>
                                        2.0783333333333336,41.29694444444444,0 8.723055555555556,45.63,0
                                    </coordinates>
                                </LineString>
                            </Placemark>
                                    
                            <Placemark>
                                <name>ECLZE (LEBL to LEMG)</name>
                                <Style>
                                    <LineStyle>
                                        <color>ffffc9e1</color>
                                        <width>3</width>
                                    </LineStyle>
                                </Style>
                                <LineString>
                                    <tessellate>1</tessellate>
                                    <altitudeMode>clampToGround</altitudeMode>
                                    <coordinates>
                                        2.0783333333333336,41.29694444444444,0 -4.4991666666666665,36.675,0
                                    </coordinates>
                                </LineString>
                            </Placemark>
                                    
                            <Placemark>
                                <name>ECLUN (LEBL to LEBB)</name>
                                <Style>
                                    <LineStyle>
                                        <color>ffffc9e1</color>
                                        <width>3</width>
                                    </LineStyle>
                                </Style>
                                <LineString>
                                    <tessellate>1</tessellate>
                                    <altitudeMode>clampToGround</altitudeMode>
                                    <coordinates>
                                        2.0783333333333336,41.29694444444444,0 -2.9105555555555553,43.301111111111105,0
                                    </coordinates>
                                </LineString>
                            </Placemark>
                                    
                            <Placemark>
                                <name>GEZTA (LEBL to LFPG)</name>
                                <Style>
                                    <LineStyle>
                                        <color>ffffc9e1</color>
                                        <width>3</width>
                                    </LineStyle>
                                </Style>
                                <LineString>
                                    <tessellate>1</tessellate>
                                    <altitudeMode>clampToGround</altitudeMode>
                                    <coordinates>
                                        2.0783333333333336,41.29694444444444,0 2.5477777777777777,49.00972222222222,0
                                    </coordinates>
                                </LineString>
                            </Placemark>
                                    
                            <Placemark>
                                <name>FGUGO (LEBL to LFPG)</name>
                                <Style>
                                    <LineStyle>
                                        <color>ffffc9e1</color>
                                        <width>3</width>
                                    </LineStyle>
                                </Style>
                                <LineString>
                                    <tessellate>1</tessellate>
                                    <altitudeMode>clampToGround</altitudeMode>
                                    <coordinates>
                                        2.0783333333333336,41.29694444444444,0 2.5477777777777777,49.00972222222222,0
                                    </coordinates>
                                </LineString>
                            </Placemark>
                                    
                            <Placemark>
                                <name>ECMEQ (LEBL to LFPO)</name>
                                <Style>
                                    <LineStyle>
                                        <color>ffffc9e1</color>
                                        <width>3</width>
                                    </LineStyle>
                                </Style>
                                <LineString>
                                    <tessellate>1</tessellate>
                                    <altitudeMode>clampToGround</altitudeMode>
                                    <coordinates>
                                        2.0783333333333336,41.29694444444444,0 2.3794444444444447,48.723333333333336,0
                                    </coordinates>
                                </LineString>
                            </Placemark>
                                    
                            <Placemark>
                                <name>ECHQJ (LEBL to LEIB)</name>
                                <Style>
                                    <LineStyle>
                                        <color>ffffc9e1</color>
                                        <width>3</width>
                                    </LineStyle>
                                </Style>
                                <LineString>
                                    <tessellate>1</tessellate>
                                    <altitudeMode>clampToGround</altitudeMode>
                                    <coordinates>
                                        2.0783333333333336,41.29694444444444,0 1.3730555555555557,38.87277777777778,0
                                    </coordinates>
                                </LineString>
                            </Placemark>
                                    
                            <Placemark>
                                <name>LVCSX (LEBL to SAEZ)</name>
                                <Style>
                                    <LineStyle>
                                        <color>ffc9ffcc</color>
                                        <width>3</width>
                                    </LineStyle>
                                </Style>
                                <LineString>
                                    <tessellate>1</tessellate>
                                    <altitudeMode>clampToGround</altitudeMode>
                                    <coordinates>
                                        2.0783333333333336,41.29694444444444,0 -58.53583333333333,-34.82222222222222,0
                                    </coordinates>
                                </LineString>
                            </Placemark>
                                    
                            <Placemark>
                                <name>GEZUM (LEBL to LFLL)</name>
                                <Style>
                                    <LineStyle>
                                        <color>ffffc9e1</color>
                                        <width>3</width>
                                    </LineStyle>
                                </Style>
                                <LineString>
                                    <tessellate>1</tessellate>
                                    <altitudeMode>clampToGround</altitudeMode>
                                    <coordinates>
                                        2.0783333333333336,41.29694444444444,0 5.0811111111111105,45.72555555555556,0
                                    </coordinates>
                                </LineString>
                            </Placemark>
                                    
                            <Placemark>
                                <name>ECLZS (LEBL to LIEO)</name>
                                <Style>
                                    <LineStyle>
                                        <color>ffffc9e1</color>
                                        <width>3</width>
                                    </LineStyle>
                                </Style>
                                <LineString>
                                    <tessellate>1</tessellate>
                                    <altitudeMode>clampToGround</altitudeMode>
                                    <coordinates>
                                        2.0783333333333336,41.29694444444444,0 9.517777777777779,40.89861111111111,0
                                    </coordinates>
                                </LineString>
                            </Placemark>
                                    
                            <Placemark>
                                <name>ECLZF (LEBL to LEAL)</name>
                                <Style>
                                    <LineStyle>
                                        <color>ffffc9e1</color>
                                        <width>3</width>
                                    </LineStyle>
                                </Style>
                                <LineString>
                                    <tessellate>1</tessellate>
                                    <altitudeMode>clampToGround</altitudeMode>
                                    <coordinates>
                                        2.0783333333333336,41.29694444444444,0 -0.5580555555555556,38.282222222222224,0
                                    </coordinates>
                                </LineString>
                            </Placemark>
                                    
                            <Placemark>
                                <name>ECLVP (LEBL to LEMD)</name>
                                <Style>
                                    <LineStyle>
                                        <color>ffffc9e1</color>
                                        <width>3</width>
                                    </LineStyle>
                                </Style>
                                <LineString>
                                    <tessellate>1</tessellate>
                                    <altitudeMode>clampToGround</altitudeMode>
                                    <coordinates>
                                        2.0783333333333336,41.29694444444444,0 -3.560833333333333,40.47222222222222,0
                                    </coordinates>
                                </LineString>
                            </Placemark>
                                    
                            <Placemark>
                                <name>ECIXD (LEBL to LEMD)</name>
                                <Style>
                                    <LineStyle>
                                        <color>ffffc9e1</color>
                                        <width>3</width>
                                    </LineStyle>
                                </Style>
                                <LineString>
                                    <tessellate>1</tessellate>
                                    <altitudeMode>clampToGround</altitudeMode>
                                    <coordinates>
                                        2.0783333333333336,41.29694444444444,0 -3.560833333333333,40.47222222222222,0
                                    </coordinates>
                                </LineString>
                            </Placemark>
                                    
                            <Placemark>
                                <name>ECLVB (LEBL to LPPT)</name>
                                <Style>
                                    <LineStyle>
                                        <color>ffffc9e1</color>
                                        <width>3</width>
                                    </LineStyle>
                                </Style>
                                <LineString>
                                    <tessellate>1</tessellate>
                                    <altitudeMode>clampToGround</altitudeMode>
                                    <coordinates>
                                        2.0783333333333336,41.29694444444444,0 -9.134166666666665,38.774166666666666,0
                                    </coordinates>
                                </LineString>
                            </Placemark>
                                    
                            <Placemark>
                                <name>EIDHG (LEBL to EDDK)</name>
                                <Style>
                                    <LineStyle>
                                        <color>ffffc9e1</color>
                                        <width>3</width>
                                    </LineStyle>
                                </Style>
                                <LineString>
                                    <tessellate>1</tessellate>
                                    <altitudeMode>clampToGround</altitudeMode>
                                    <coordinates>
                                        2.0783333333333336,41.29694444444444,0 7.142777777777778,50.865833333333335,0
                                    </coordinates>
                                </LineString>
                            </Placemark>
                                    
                            <Placemark>
                                <name>ECLZZ (LEBL to EGKK)</name>
                                <Style>
                                    <LineStyle>
                                        <color>ffc9ffcc</color>
                                        <width>3</width>
                                    </LineStyle>
                                </Style>
                                <LineString>
                                    <tessellate>1</tessellate>
                                    <altitudeMode>clampToGround</altitudeMode>
                                    <coordinates>
                                        2.0783333333333336,41.29694444444444,0 -0.19027777777777777,51.14805555555556,0
                                    </coordinates>
                                </LineString>
                            </Placemark>
                                    
                            <Placemark>
                                <name>ECLRM (LEBL to LIPE)</name>
                                <Style>
                                    <LineStyle>
                                        <color>ffffc9e1</color>
                                        <width>3</width>
                                    </LineStyle>
                                </Style>
                                <LineString>
                                    <tessellate>1</tessellate>
                                    <altitudeMode>clampToGround</altitudeMode>
                                    <coordinates>
                                        2.0783333333333336,41.29694444444444,0 11.296944444444444,44.530833333333334,0
                                    </coordinates>
                                </LineString>
                            </Placemark>
                                    
                            <Placemark>
                                <name>EIFIY (LEBL to LIPH)</name>
                                <Style>
                                    <LineStyle>
                                        <color>ffffc9e1</color>
                                        <width>3</width>
                                    </LineStyle>
                                </Style>
                                <LineString>
                                    <tessellate>1</tessellate>
                                    <altitudeMode>clampToGround</altitudeMode>
                                    <coordinates>
                                        2.0783333333333336,41.29694444444444,0 12.197777777777778,45.65083333333333,0
                                    </coordinates>
                                </LineString>
                            </Placemark>
                                    
                            <Placemark>
                                <name>CSTPA (LEBL to LPPT)</name>
                                <Style>
                                    <LineStyle>
                                        <color>ffffc9e1</color>
                                        <width>3</width>
                                    </LineStyle>
                                </Style>
                                <LineString>
                                    <tessellate>1</tessellate>
                                    <altitudeMode>clampToGround</altitudeMode>
                                    <coordinates>
                                        2.0783333333333336,41.29694444444444,0 -9.134166666666665,38.774166666666666,0
                                    </coordinates>
                                </LineString>
                            </Placemark>
                                    
                            <Placemark>
                                <name>ECJFT (LEBL to LEPA)</name>
                                <Style>
                                    <LineStyle>
                                        <color>ffffc9e1</color>
                                        <width>3</width>
                                    </LineStyle>
                                </Style>
                                <LineString>
                                    <tessellate>1</tessellate>
                                    <altitudeMode>clampToGround</altitudeMode>
                                    <coordinates>
                                        2.0783333333333336,41.29694444444444,0 2.738888888888889,39.55166666666666,0
                                    </coordinates>
                                </LineString>
                            </Placemark>
                                    
                            <Placemark>
                                <name>PHBXE (LEBL to EHAM)</name>
                                <Style>
                                    <LineStyle>
                                        <color>ffffc9e1</color>
                                        <width>3</width>
                                    </LineStyle>
                                </Style>
                                <LineString>
                                    <tessellate>1</tessellate>
                                    <altitudeMode>clampToGround</altitudeMode>
                                    <coordinates>
                                        2.0783333333333336,41.29694444444444,0 4.764166666666667,52.308055555555555,0
                                    </coordinates>
                                </LineString>
                            </Placemark>
                                    
                            <Placemark>
                                <name>ECMLD (LEBL to EGCC)</name>
                                <Style>
                                    <LineStyle>
                                        <color>ffc9ffcc</color>
                                        <width>3</width>
                                    </LineStyle>
                                </Style>
                                <LineString>
                                    <tessellate>1</tessellate>
                                    <altitudeMode>clampToGround</altitudeMode>
                                    <coordinates>
                                        2.0783333333333336,41.29694444444444,0 -2.275,53.35388888888889,0
                                    </coordinates>
                                </LineString>
                            </Placemark>
                                    
                            <Placemark>
                                <name>ECMLE (LEBL to LEMH)</name>
                                <Style>
                                    <LineStyle>
                                        <color>ffffc9e1</color>
                                        <width>3</width>
                                    </LineStyle>
                                </Style>
                                <LineString>
                                    <tessellate>1</tessellate>
                                    <altitudeMode>clampToGround</altitudeMode>
                                    <coordinates>
                                        2.0783333333333336,41.29694444444444,0 4.2186111111111115,39.862500000000004,0
                                    </coordinates>
                                </LineString>
                            </Placemark>
                                    
                            <Placemark>
                                <name>EIENL (LEBL to LIRF)</name>
                                <Style>
                                    <LineStyle>
                                        <color>ffffc9e1</color>
                                        <width>3</width>
                                    </LineStyle>
                                </Style>
                                <LineString>
                                    <tessellate>1</tessellate>
                                    <altitudeMode>clampToGround</altitudeMode>
                                    <coordinates>
                                        2.0783333333333336,41.29694444444444,0 12.238888888888889,41.80027777777777,0
                                    </coordinates>
                                </LineString>
                            </Placemark>
                                    
                            <Placemark>
                                <name>EIDHX (LEBL to LIME)</name>
                                <Style>
                                    <LineStyle>
                                        <color>ffffc9e1</color>
                                        <width>3</width>
                                    </LineStyle>
                                </Style>
                                <LineString>
                                    <tessellate>1</tessellate>
                                    <altitudeMode>clampToGround</altitudeMode>
                                    <coordinates>
                                        2.0783333333333336,41.29694444444444,0 9.700277777777776,45.66888888888889,0
                                    </coordinates>
                                </LineString>
                            </Placemark>
                                    
                            <Placemark>
                                <name>ECJYX (LEBL to LIPX)</name>
                                <Style>
                                    <LineStyle>
                                        <color>ffffc9e1</color>
                                        <width>3</width>
                                    </LineStyle>
                                </Style>
                                <LineString>
                                    <tessellate>1</tessellate>
                                    <altitudeMode>clampToGround</altitudeMode>
                                    <coordinates>
                                        2.0783333333333336,41.29694444444444,0 10.887777777777778,45.396388888888886,0
                                    </coordinates>
                                </LineString>
                            </Placemark>
                                    
                            <Placemark>
                                <name>EIDHO (LEBL to ESKN)</name>
                                <Style>
                                    <LineStyle>
                                        <color>ffffc9e1</color>
                                        <width>3</width>
                                    </LineStyle>
                                </Style>
                                <LineString>
                                    <tessellate>1</tessellate>
                                    <altitudeMode>clampToGround</altitudeMode>
                                    <coordinates>
                                        2.0783333333333336,41.29694444444444,0 16.90361111111111,58.78861111111111,0
                                    </coordinates>
                                </LineString>
                            </Placemark>
                                    
                            <Placemark>
                                <name>DAICG (LEBL to EDDS)</name>
                                <Style>
                                    <LineStyle>
                                        <color>ffffc9e1</color>
                                        <width>3</width>
                                    </LineStyle>
                                </Style>
                                <LineString>
                                    <tessellate>1</tessellate>
                                    <altitudeMode>clampToGround</altitudeMode>
                                    <coordinates>
                                        2.0783333333333336,41.29694444444444,0 9.221944444444444,48.69,0
                                    </coordinates>
                                </LineString>
                            </Placemark>
                                    
                            <Placemark>
                                <name>GEZIM (LEBL to EDDB)</name>
                                <Style>
                                    <LineStyle>
                                        <color>ffffc9e1</color>
                                        <width>3</width>
                                    </LineStyle>
                                </Style>
                                <LineString>
                                    <tessellate>1</tessellate>
                                    <altitudeMode>clampToGround</altitudeMode>
                                    <coordinates>
                                        2.0783333333333336,41.29694444444444,0 13.500555555555556,52.36222222222222,0
                                    </coordinates>
                                </LineString>
                            </Placemark>
                                    
                            <Placemark>
                                <name>HALWY (LEBL to EVRA)</name>
                                <Style>
                                    <LineStyle>
                                        <color>ffffc9e1</color>
                                        <width>3</width>
                                    </LineStyle>
                                </Style>
                                <LineString>
                                    <tessellate>1</tessellate>
                                    <altitudeMode>clampToGround</altitudeMode>
                                    <coordinates>
                                        2.0783333333333336,41.29694444444444,0 23.97111111111111,56.92361111111111,0
                                    </coordinates>
                                </LineString>
                            </Placemark>
                                    
                            <Placemark>
                                <name>DASXJ (LEBL to EDDL)</name>
                                <Style>
                                    <LineStyle>
                                        <color>ffffc9e1</color>
                                        <width>3</width>
                                    </LineStyle>
                                </Style>
                                <LineString>
                                    <tessellate>1</tessellate>
                                    <altitudeMode>clampToGround</altitudeMode>
                                    <coordinates>
                                        2.0783333333333336,41.29694444444444,0 6.7572222222222225,51.280833333333334,0
                                    </coordinates>
                                </LineString>
                            </Placemark>
                                    
                            <Placemark>
                                <name>GOZBW (LEBL to EGNM)</name>
                                <Style>
                                    <LineStyle>
                                        <color>ffc9ffcc</color>
                                        <width>3</width>
                                    </LineStyle>
                                </Style>
                                <LineString>
                                    <tessellate>1</tessellate>
                                    <altitudeMode>clampToGround</altitudeMode>
                                    <coordinates>
                                        2.0783333333333336,41.29694444444444,0 -1.6608333333333332,53.86611111111111,0
                                    </coordinates>
                                </LineString>
                            </Placemark>
                                    
                            <Placemark>
                                <name>ECLVO (LEBL to LECO)</name>
                                <Style>
                                    <LineStyle>
                                        <color>ffffc9e1</color>
                                        <width>3</width>
                                    </LineStyle>
                                </Style>
                                <LineString>
                                    <tessellate>1</tessellate>
                                    <altitudeMode>clampToGround</altitudeMode>
                                    <coordinates>
                                        2.0783333333333336,41.29694444444444,0 -8.377222222222223,43.301944444444445,0
                                    </coordinates>
                                </LineString>
                            </Placemark>
                                    
                            <Placemark>
                                <name>DABZA (LEBL to EDDL)</name>
                                <Style>
                                    <LineStyle>
                                        <color>ffffc9e1</color>
                                        <width>3</width>
                                    </LineStyle>
                                </Style>
                                <LineString>
                                    <tessellate>1</tessellate>
                                    <altitudeMode>clampToGround</altitudeMode>
                                    <coordinates>
                                        2.0783333333333336,41.29694444444444,0 6.7572222222222225,51.280833333333334,0
                                    </coordinates>
                                </LineString>
                            </Placemark>
                                    
                            <Placemark>
                                <name>LNDYP (LEBL to ESSA)</name>
                                <Style>
                                    <LineStyle>
                                        <color>ffffc9e1</color>
                                        <width>3</width>
                                    </LineStyle>
                                </Style>
                                <LineString>
                                    <tessellate>1</tessellate>
                                    <altitudeMode>clampToGround</altitudeMode>
                                    <coordinates>
                                        2.0783333333333336,41.29694444444444,0 17.91861111111111,59.651944444444446,0
                                    </coordinates>
                                </LineString>
                            </Placemark>
                                    
                            <Placemark>
                                <name>DAIQK (LEBL to EDDK)</name>
                                <Style>
                                    <LineStyle>
                                        <color>ffffc9e1</color>
                                        <width>3</width>
                                    </LineStyle>
                                </Style>
                                <LineString>
                                    <tessellate>1</tessellate>
                                    <altitudeMode>clampToGround</altitudeMode>
                                    <coordinates>
                                        2.0783333333333336,41.29694444444444,0 7.142777777777778,50.865833333333335,0
                                    </coordinates>
                                </LineString>
                            </Placemark>
                                    
                            <Placemark>
                                <name>ECMLM (LEBL to LEVX)</name>
                                <Style>
                                    <LineStyle>
                                        <color>ffffc9e1</color>
                                        <width>3</width>
                                    </LineStyle>
                                </Style>
                                <LineString>
                                    <tessellate>1</tessellate>
                                    <altitudeMode>clampToGround</altitudeMode>
                                    <coordinates>
                                        2.0783333333333336,41.29694444444444,0 -8.627500000000001,42.22916666666667,0
                                    </coordinates>
                                </LineString>
                            </Placemark>
                                    
                            <Placemark>
                                <name>ECJPF (LEBL to LEMD)</name>
                                <Style>
                                    <LineStyle>
                                        <color>ffffc9e1</color>
                                        <width>3</width>
                                    </LineStyle>
                                </Style>
                                <LineString>
                                    <tessellate>1</tessellate>
                                    <altitudeMode>clampToGround</altitudeMode>
                                    <coordinates>
                                        2.0783333333333336,41.29694444444444,0 -3.560833333333333,40.47222222222222,0
                                    </coordinates>
                                </LineString>
                            </Placemark>
                                    
                            <Placemark>
                                <name>HBIOM (LEBL to LSZH)</name>
                                <Style>
                                    <LineStyle>
                                        <color>ffffc9e1</color>
                                        <width>3</width>
                                    </LineStyle>
                                </Style>
                                <LineString>
                                    <tessellate>1</tessellate>
                                    <altitudeMode>clampToGround</altitudeMode>
                                    <coordinates>
                                        2.0783333333333336,41.29694444444444,0 8.548055555555555,47.45805555555556,0
                                    </coordinates>
                                </LineString>
                            </Placemark>
                                    
                            <Placemark>
                                <name>LYVEV (LEBL to LIPZ)</name>
                                <Style>
                                    <LineStyle>
                                        <color>ffffc9e1</color>
                                        <width>3</width>
                                    </LineStyle>
                                </Style>
                                <LineString>
                                    <tessellate>1</tessellate>
                                    <altitudeMode>clampToGround</altitudeMode>
                                    <coordinates>
                                        2.0783333333333336,41.29694444444444,0 12.351944444444444,45.50527777777778,0
                                    </coordinates>
                                </LineString>
                            </Placemark>
                                    
                            <Placemark>
                                <name>ECMGY (LEBL to LEGR)</name>
                                <Style>
                                    <LineStyle>
                                        <color>ffffc9e1</color>
                                        <width>3</width>
                                    </LineStyle>
                                </Style>
                                <LineString>
                                    <tessellate>1</tessellate>
                                    <altitudeMode>clampToGround</altitudeMode>
                                    <coordinates>
                                        2.0783333333333336,41.29694444444444,0 -3.777222222222222,37.18861111111111,0
                                    </coordinates>
                                </LineString>
                            </Placemark>
                                    
                            <Placemark>
                                <name>ECMEA (LEBL to LEZL)</name>
                                <Style>
                                    <LineStyle>
                                        <color>ffffc9e1</color>
                                        <width>3</width>
                                    </LineStyle>
                                </Style>
                                <LineString>
                                    <tessellate>1</tessellate>
                                    <altitudeMode>clampToGround</altitudeMode>
                                    <coordinates>
                                        2.0783333333333336,41.29694444444444,0 -5.898888888888888,37.418055555555554,0
                                    </coordinates>
                                </LineString>
                            </Placemark>
                                    
                            <Placemark>
                                <name>ECLRG (LEBL to LEPA)</name>
                                <Style>
                                    <LineStyle>
                                        <color>ffffc9e1</color>
                                        <width>3</width>
                                    </LineStyle>
                                </Style>
                                <LineString>
                                    <tessellate>1</tessellate>
                                    <altitudeMode>clampToGround</altitudeMode>
                                    <coordinates>
                                        2.0783333333333336,41.29694444444444,0 2.738888888888889,39.55166666666666,0
                                    </coordinates>
                                </LineString>
                            </Placemark>
                                    
                            <Placemark>
                                <name>FGRXE (LEBL to LFPG)</name>
                                <Style>
                                    <LineStyle>
                                        <color>ffffc9e1</color>
                                        <width>3</width>
                                    </LineStyle>
                                </Style>
                                <LineString>
                                    <tessellate>1</tessellate>
                                    <altitudeMode>clampToGround</altitudeMode>
                                    <coordinates>
                                        2.0783333333333336,41.29694444444444,0 2.5477777777777777,49.00972222222222,0
                                    </coordinates>
                                </LineString>
                            </Placemark>
                                    
                            <Placemark>
                                <name>ECLUT (LEBL to LEMH)</name>
                                <Style>
                                    <LineStyle>
                                        <color>ffffc9e1</color>
                                        <width>3</width>
                                    </LineStyle>
                                </Style>
                                <LineString>
                                    <tessellate>1</tessellate>
                                    <altitudeMode>clampToGround</altitudeMode>
                                    <coordinates>
                                        2.0783333333333336,41.29694444444444,0 4.2186111111111115,39.862500000000004,0
                                    </coordinates>
                                </LineString>
                            </Placemark>
                                    
                            <Placemark>
                                <name>GEUUT (LEBL to EGLL)</name>
                                <Style>
                                    <LineStyle>
                                        <color>ffc9ffcc</color>
                                        <width>3</width>
                                    </LineStyle>
                                </Style>
                                <LineString>
                                    <tessellate>1</tessellate>
                                    <altitudeMode>clampToGround</altitudeMode>
                                    <coordinates>
                                        2.0783333333333336,41.29694444444444,0 -0.4613888888888889,51.4775,0
                                    </coordinates>
                                </LineString>
                            </Placemark>
                                    
                            <Placemark>
                                <name>HALPX (LEBL to LRCL)</name>
                                <Style>
                                    <LineStyle>
                                        <color>ffc9ffcc</color>
                                        <width>3</width>
                                    </LineStyle>
                                </Style>
                                <LineString>
                                    <tessellate>1</tessellate>
                                    <altitudeMode>clampToGround</altitudeMode>
                                    <coordinates>
                                        2.0783333333333336,41.29694444444444,0 23.692222222222224,46.78916666666667,0
                                    </coordinates>
                                </LineString>
                            </Placemark>
                                    
                            <Placemark>
                                <name>9HVMK (LEBL to LMML)</name>
                                <Style>
                                    <LineStyle>
                                        <color>ffffc9e1</color>
                                        <width>3</width>
                                    </LineStyle>
                                </Style>
                                <LineString>
                                    <tessellate>1</tessellate>
                                    <altitudeMode>clampToGround</altitudeMode>
                                    <coordinates>
                                        2.0783333333333336,41.29694444444444,0 14.477500000000001,35.8575,0
                                    </coordinates>
                                </LineString>
                            </Placemark>
                                    
                            <Placemark>
                                <name>GEZEG (LEBL to EGKK)</name>
                                <Style>
                                    <LineStyle>
                                        <color>ffc9ffcc</color>
                                        <width>3</width>
                                    </LineStyle>
                                </Style>
                                <LineString>
                                    <tessellate>1</tessellate>
                                    <altitudeMode>clampToGround</altitudeMode>
                                    <coordinates>
                                        2.0783333333333336,41.29694444444444,0 -0.19027777777777777,51.14805555555556,0
                                    </coordinates>
                                </LineString>
                            </Placemark>
                                    
                            <Placemark>
                                <name>ECLLM (LEBL to LEIB)</name>
                                <Style>
                                    <LineStyle>
                                        <color>ffffc9e1</color>
                                        <width>3</width>
                                    </LineStyle>
                                </Style>
                                <LineString>
                                    <tessellate>1</tessellate>
                                    <altitudeMode>clampToGround</altitudeMode>
                                    <coordinates>
                                        2.0783333333333336,41.29694444444444,0 1.3730555555555557,38.87277777777778,0
                                    </coordinates>
                                </LineString>
                            </Placemark>
                                    
                            <Placemark>
                                <name>OEIEW (LEBL to LOWW)</name>
                                <Style>
                                    <LineStyle>
                                        <color>ffffc9e1</color>
                                        <width>3</width>
                                    </LineStyle>
                                </Style>
                                <LineString>
                                    <tessellate>1</tessellate>
                                    <altitudeMode>clampToGround</altitudeMode>
                                    <coordinates>
                                        2.0783333333333336,41.29694444444444,0 16.56972222222222,48.11027777777778,0
                                    </coordinates>
                                </LineString>
                            </Placemark>
                                    
                            <Placemark>
                                <name>GEZBU (LEBL to EGMC)</name>
                                <Style>
                                    <LineStyle>
                                        <color>ffc9ffcc</color>
                                        <width>3</width>
                                    </LineStyle>
                                </Style>
                                <LineString>
                                    <tessellate>1</tessellate>
                                    <altitudeMode>clampToGround</altitudeMode>
                                    <coordinates>
                                        2.0783333333333336,41.29694444444444,0 0.6933333333333334,51.57027777777778,0
                                    </coordinates>
                                </LineString>
                            </Placemark>
                                    
                            <Placemark>
                                <name>ECMKV (LEBL to LIRP)</name>
                                <Style>
                                    <LineStyle>
                                        <color>ffffc9e1</color>
                                        <width>3</width>
                                    </LineStyle>
                                </Style>
                                <LineString>
                                    <tessellate>1</tessellate>
                                    <altitudeMode>clampToGround</altitudeMode>
                                    <coordinates>
                                        2.0783333333333336,41.29694444444444,0 10.395555555555555,43.68277777777777,0
                                    </coordinates>
                                </LineString>
                            </Placemark>
                                    
                            <Placemark>
                                <name>HBJYK (LEBL to LSGG)</name>
                                <Style>
                                    <LineStyle>
                                        <color>ffffc9e1</color>
                                        <width>3</width>
                                    </LineStyle>
                                </Style>
                                <LineString>
                                    <tessellate>1</tessellate>
                                    <altitudeMode>clampToGround</altitudeMode>
                                    <coordinates>
                                        2.0783333333333336,41.29694444444444,0 6.109444444444444,46.23833333333334,0
                                    </coordinates>
                                </LineString>
                            </Placemark>
                                    
                            <Placemark>
                                <name>ECHUH (LEBL to LEMD)</name>
                                <Style>
                                    <LineStyle>
                                        <color>ffffc9e1</color>
                                        <width>3</width>
                                    </LineStyle>
                                </Style>
                                <LineString>
                                    <tessellate>1</tessellate>
                                    <altitudeMode>clampToGround</altitudeMode>
                                    <coordinates>
                                        2.0783333333333336,41.29694444444444,0 -3.560833333333333,40.47222222222222,0
                                    </coordinates>
                                </LineString>
                            </Placemark>
                                    
                            <Placemark>
                                <name>ECMMH (LEBL to GCXO)</name>
                                <Style>
                                    <LineStyle>
                                        <color>ffc9ffcc</color>
                                        <width>3</width>
                                    </LineStyle>
                                </Style>
                                <LineString>
                                    <tessellate>1</tessellate>
                                    <altitudeMode>clampToGround</altitudeMode>
                                    <coordinates>
                                        2.0783333333333336,41.29694444444444,0 -16.341666666666665,28.482777777777777,0
                                    </coordinates>
                                </LineString>
                            </Placemark>
                                    
                            <Placemark>
                                <name>CGDEJ (LEBL to EHRD)</name>
                                <Style>
                                    <LineStyle>
                                        <color>ffffc9e1</color>
                                        <width>3</width>
                                    </LineStyle>
                                </Style>
                                <LineString>
                                    <tessellate>1</tessellate>
                                    <altitudeMode>clampToGround</altitudeMode>
                                    <coordinates>
                                        2.0783333333333336,41.29694444444444,0 4.437222222222222,51.956944444444446,0
                                    </coordinates>
                                </LineString>
                            </Placemark>
                                    
                            <Placemark>
                                <name>ECMKN (LEBL to EPKK)</name>
                                <Style>
                                    <LineStyle>
                                        <color>ffffc9e1</color>
                                        <width>3</width>
                                    </LineStyle>
                                </Style>
                                <LineString>
                                    <tessellate>1</tessellate>
                                    <altitudeMode>clampToGround</altitudeMode>
                                    <coordinates>
                                        2.0783333333333336,41.29694444444444,0 19.784722222222225,50.07777777777778,0
                                    </coordinates>
                                </LineString>
                            </Placemark>
                                    
                            <Placemark>
                                <name>DALEC (LEBL to EDDP)</name>
                                <Style>
                                    <LineStyle>
                                        <color>ffffc9e1</color>
                                        <width>3</width>
                                    </LineStyle>
                                </Style>
                                <LineString>
                                    <tessellate>1</tessellate>
                                    <altitudeMode>clampToGround</altitudeMode>
                                    <coordinates>
                                        2.0783333333333336,41.29694444444444,0 12.236388888888888,51.42388888888889,0
                                    </coordinates>
                                </LineString>
                            </Placemark>
                                    
                            <Placemark>
                                <name>EIDCM (LEBL to LIRF)</name>
                                <Style>
                                    <LineStyle>
                                        <color>ffffc9e1</color>
                                        <width>3</width>
                                    </LineStyle>
                                </Style>
                                <LineString>
                                    <tessellate>1</tessellate>
                                    <altitudeMode>clampToGround</altitudeMode>
                                    <coordinates>
                                        2.0783333333333336,41.29694444444444,0 12.238888888888889,41.80027777777777,0
                                    </coordinates>
                                </LineString>
                            </Placemark>
                                    
                            <Placemark>
                                <name>ECLLJ (LEBL to LFPO)</name>
                                <Style>
                                    <LineStyle>
                                        <color>ffffc9e1</color>
                                        <width>3</width>
                                    </LineStyle>
                                </Style>
                                <LineString>
                                    <tessellate>1</tessellate>
                                    <altitudeMode>clampToGround</altitudeMode>
                                    <coordinates>
                                        2.0783333333333336,41.29694444444444,0 2.3794444444444447,48.723333333333336,0
                                    </coordinates>
                                </LineString>
                            </Placemark>
                                    
                            <Placemark>
                                <name>HALYG (LEBL to EPKT)</name>
                                <Style>
                                    <LineStyle>
                                        <color>ffffc9e1</color>
                                        <width>3</width>
                                    </LineStyle>
                                </Style>
                                <LineString>
                                    <tessellate>1</tessellate>
                                    <altitudeMode>clampToGround</altitudeMode>
                                    <coordinates>
                                        2.0783333333333336,41.29694444444444,0 19.08,50.47416666666667,0
                                    </coordinates>
                                </LineString>
                            </Placemark>
                                    
                            <Placemark>
                                <name>EIDAE (LEBL to LEIB)</name>
                                <Style>
                                    <LineStyle>
                                        <color>ffffc9e1</color>
                                        <width>3</width>
                                    </LineStyle>
                                </Style>
                                <LineString>
                                    <tessellate>1</tessellate>
                                    <altitudeMode>clampToGround</altitudeMode>
                                    <coordinates>
                                        2.0783333333333336,41.29694444444444,0 1.3730555555555557,38.87277777777778,0
                                    </coordinates>
                                </LineString>
                            </Placemark>
                                    
                            <Placemark>
                                <name>ECLML (LEBL to LEMH)</name>
                                <Style>
                                    <LineStyle>
                                        <color>ffffc9e1</color>
                                        <width>3</width>
                                    </LineStyle>
                                </Style>
                                <LineString>
                                    <tessellate>1</tessellate>
                                    <altitudeMode>clampToGround</altitudeMode>
                                    <coordinates>
                                        2.0783333333333336,41.29694444444444,0 4.2186111111111115,39.862500000000004,0
                                    </coordinates>
                                </LineString>
                            </Placemark>
                                    
                            <Placemark>
                                <name>OOSSK (LEBL to EBBR)</name>
                                <Style>
                                    <LineStyle>
                                        <color>ffffc9e1</color>
                                        <width>3</width>
                                    </LineStyle>
                                </Style>
                                <LineString>
                                    <tessellate>1</tessellate>
                                    <altitudeMode>clampToGround</altitudeMode>
                                    <coordinates>
                                        2.0783333333333336,41.29694444444444,0 4.484444444444445,50.90138888888889,0
                                    </coordinates>
                                </LineString>
                            </Placemark>
                                    
                            <Placemark>
                                <name>GEZFY (LEBL to EGNT)</name>
                                <Style>
                                    <LineStyle>
                                        <color>ffc9ffcc</color>
                                        <width>3</width>
                                    </LineStyle>
                                </Style>
                                <LineString>
                                    <tessellate>1</tessellate>
                                    <altitudeMode>clampToGround</altitudeMode>
                                    <coordinates>
                                        2.0783333333333336,41.29694444444444,0 -1.6897222222222223,55.03805555555555,0
                                    </coordinates>
                                </LineString>
                            </Placemark>
                                    
                            <Placemark>
                                <name>HBJYE (LEBL to LFSB)</name>
                                <Style>
                                    <LineStyle>
                                        <color>ffffc9e1</color>
                                        <width>3</width>
                                    </LineStyle>
                                </Style>
                                <LineString>
                                    <tessellate>1</tessellate>
                                    <altitudeMode>clampToGround</altitudeMode>
                                    <coordinates>
                                        2.0783333333333336,41.29694444444444,0 7.529166666666667,47.59,0
                                    </coordinates>
                                </LineString>
                            </Placemark>
                                    
                            <Placemark>
                                <name>HBIJQ (LEBL to LSGG)</name>
                                <Style>
                                    <LineStyle>
                                        <color>ffffc9e1</color>
                                        <width>3</width>
                                    </LineStyle>
                                </Style>
                                <LineString>
                                    <tessellate>1</tessellate>
                                    <altitudeMode>clampToGround</altitudeMode>
                                    <coordinates>
                                        2.0783333333333336,41.29694444444444,0 6.109444444444444,46.23833333333334,0
                                    </coordinates>
                                </LineString>
                            </Placemark>
                                    
                            <Placemark>
                                <name>GEUYC (LEBL to EGLL)</name>
                                <Style>
                                    <LineStyle>
                                        <color>ffc9ffcc</color>
                                        <width>3</width>
                                    </LineStyle>
                                </Style>
                                <LineString>
                                    <tessellate>1</tessellate>
                                    <altitudeMode>clampToGround</altitudeMode>
                                    <coordinates>
                                        2.0783333333333336,41.29694444444444,0 -0.4613888888888889,51.4775,0
                                    </coordinates>
                                </LineString>
                            </Placemark>
                                    
                            <Placemark>
                                <name>EIEFN (LEBL to EBBR)</name>
                                <Style>
                                    <LineStyle>
                                        <color>ffffc9e1</color>
                                        <width>3</width>
                                    </LineStyle>
                                </Style>
                                <LineString>
                                    <tessellate>1</tessellate>
                                    <altitudeMode>clampToGround</altitudeMode>
                                    <coordinates>
                                        2.0783333333333336,41.29694444444444,0 4.484444444444445,50.90138888888889,0
                                    </coordinates>
                                </LineString>
                            </Placemark>
                                    
                            <Placemark>
                                <name>OELEF (LEBL to LOWW)</name>
                                <Style>
                                    <LineStyle>
                                        <color>ffffc9e1</color>
                                        <width>3</width>
                                    </LineStyle>
                                </Style>
                                <LineString>
                                    <tessellate>1</tessellate>
                                    <altitudeMode>clampToGround</altitudeMode>
                                    <coordinates>
                                        2.0783333333333336,41.29694444444444,0 16.56972222222222,48.11027777777778,0
                                    </coordinates>
                                </LineString>
                            </Placemark>
                                    
                            <Placemark>
                                <name>EIEFI (LEBL to EIDW)</name>
                                <Style>
                                    <LineStyle>
                                        <color>ffc9ffcc</color>
                                        <width>3</width>
                                    </LineStyle>
                                </Style>
                                <LineString>
                                    <tessellate>1</tessellate>
                                    <altitudeMode>clampToGround</altitudeMode>
                                    <coordinates>
                                        2.0783333333333336,41.29694444444444,0 -6.27,53.421388888888885,0
                                    </coordinates>
                                </LineString>
                            </Placemark>
                                    
                            <Placemark>
                                <name>ECLST (LEBL to LEMH)</name>
                                <Style>
                                    <LineStyle>
                                        <color>ffffc9e1</color>
                                        <width>3</width>
                                    </LineStyle>
                                </Style>
                                <LineString>
                                    <tessellate>1</tessellate>
                                    <altitudeMode>clampToGround</altitudeMode>
                                    <coordinates>
                                        2.0783333333333336,41.29694444444444,0 4.2186111111111115,39.862500000000004,0
                                    </coordinates>
                                </LineString>
                            </Placemark>
                                    
                            <Placemark>
                                <name>ECMHS (LEBL to LHBP)</name>
                                <Style>
                                    <LineStyle>
                                        <color>ffffc9e1</color>
                                        <width>3</width>
                                    </LineStyle>
                                </Style>
                                <LineString>
                                    <tessellate>1</tessellate>
                                    <altitudeMode>clampToGround</altitudeMode>
                                    <coordinates>
                                        2.0783333333333336,41.29694444444444,0 19.261944444444445,47.43944444444444,0
                                    </coordinates>
                                </LineString>
                            </Placemark>
                                    
                            <Placemark>
                                <name>ECJPK (LEBL to LEMD)</name>
                                <Style>
                                    <LineStyle>
                                        <color>ffffc9e1</color>
                                        <width>3</width>
                                    </LineStyle>
                                </Style>
                                <LineString>
                                    <tessellate>1</tessellate>
                                    <altitudeMode>clampToGround</altitudeMode>
                                    <coordinates>
                                        2.0783333333333336,41.29694444444444,0 -3.560833333333333,40.47222222222222,0
                                    </coordinates>
                                </LineString>
                            </Placemark>
                                    
                            <Placemark>
                                <name>FGZHY (LEBL to LFPO)</name>
                                <Style>
                                    <LineStyle>
                                        <color>ffffc9e1</color>
                                        <width>3</width>
                                    </LineStyle>
                                </Style>
                                <LineString>
                                    <tessellate>1</tessellate>
                                    <altitudeMode>clampToGround</altitudeMode>
                                    <coordinates>
                                        2.0783333333333336,41.29694444444444,0 2.3794444444444447,48.723333333333336,0
                                    </coordinates>
                                </LineString>
                            </Placemark>
                                    
                            <Placemark>
                                <name>EIDHB (LEBL to LEZL)</name>
                                <Style>
                                    <LineStyle>
                                        <color>ffffc9e1</color>
                                        <width>3</width>
                                    </LineStyle>
                                </Style>
                                <LineString>
                                    <tessellate>1</tessellate>
                                    <altitudeMode>clampToGround</altitudeMode>
                                    <coordinates>
                                        2.0783333333333336,41.29694444444444,0 -5.898888888888888,37.418055555555554,0
                                    </coordinates>
                                </LineString>
                            </Placemark>
                                    
                            <Placemark>
                                <name>ECMBK (LEBL to LIEE)</name>
                                <Style>
                                    <LineStyle>
                                        <color>ffffc9e1</color>
                                        <width>3</width>
                                    </LineStyle>
                                </Style>
                                <LineString>
                                    <tessellate>1</tessellate>
                                    <altitudeMode>clampToGround</altitudeMode>
                                    <coordinates>
                                        2.0783333333333336,41.29694444444444,0 9.056111111111111,39.24722222222222,0
                                    </coordinates>
                                </LineString>
                            </Placemark>
                                    
                            <Placemark>
                                <name>EIDHH (LEBL to GCRR)</name>
                                <Style>
                                    <LineStyle>
                                        <color>ffc9ffcc</color>
                                        <width>3</width>
                                    </LineStyle>
                                </Style>
                                <LineString>
                                    <tessellate>1</tessellate>
                                    <altitudeMode>clampToGround</altitudeMode>
                                    <coordinates>
                                        2.0783333333333336,41.29694444444444,0 -13.605277777777777,28.945555555555554,0
                                    </coordinates>
                                </LineString>
                            </Placemark>
                                    
                            <Placemark>
                                <name>ECLVS (LEBL to GMMX)</name>
                                <Style>
                                    <LineStyle>
                                        <color>ffc9ffcc</color>
                                        <width>3</width>
                                    </LineStyle>
                                </Style>
                                <LineString>
                                    <tessellate>1</tessellate>
                                    <altitudeMode>clampToGround</altitudeMode>
                                    <coordinates>
                                        2.0783333333333336,41.29694444444444,0 -8.040833333333333,31.608611111111113,0
                                    </coordinates>
                                </LineString>
                            </Placemark>
                                    
                            <Placemark>
                                <name>ECMMU (LEBL to GCLP)</name>
                                <Style>
                                    <LineStyle>
                                        <color>ffc9ffcc</color>
                                        <width>3</width>
                                    </LineStyle>
                                </Style>
                                <LineString>
                                    <tessellate>1</tessellate>
                                    <altitudeMode>clampToGround</altitudeMode>
                                    <coordinates>
                                        2.0783333333333336,41.29694444444444,0 -15.386666666666667,27.931944444444447,0
                                    </coordinates>
                                </LineString>
                            </Placemark>
                                    
                            <Placemark>
                                <name>GEZFG (LEBL to EGGP)</name>
                                <Style>
                                    <LineStyle>
                                        <color>ffc9ffcc</color>
                                        <width>3</width>
                                    </LineStyle>
                                </Style>
                                <LineString>
                                    <tessellate>1</tessellate>
                                    <altitudeMode>clampToGround</altitudeMode>
                                    <coordinates>
                                        2.0783333333333336,41.29694444444444,0 -2.8497222222222223,53.33361111111111,0
                                    </coordinates>
                                </LineString>
                            </Placemark>
                                    
                            <Placemark>
                                <name>HALYL (LEBL to LWSK)</name>
                                <Style>
                                    <LineStyle>
                                        <color>ffc9ffcc</color>
                                        <width>3</width>
                                    </LineStyle>
                                </Style>
                                <LineString>
                                    <tessellate>1</tessellate>
                                    <altitudeMode>clampToGround</altitudeMode>
                                    <coordinates>
                                        2.0783333333333336,41.29694444444444,0 21.62138888888889,41.961666666666666,0
                                    </coordinates>
                                </LineString>
                            </Placemark>
                                    
                            <Placemark>
                                <name>OEIBZ (LEBL to LFML)</name>
                                <Style>
                                    <LineStyle>
                                        <color>ffffc9e1</color>
                                        <width>3</width>
                                    </LineStyle>
                                </Style>
                                <LineString>
                                    <tessellate>1</tessellate>
                                    <altitudeMode>clampToGround</altitudeMode>
                                    <coordinates>
                                        2.0783333333333336,41.29694444444444,0 5.215,43.43666666666666,0
                                    </coordinates>
                                </LineString>
                            </Placemark>
                                    
                            <Placemark>
                                <name>DALEN (LEBL to EDDP)</name>
                                <Style>
                                    <LineStyle>
                                        <color>ffffc9e1</color>
                                        <width>3</width>
                                    </LineStyle>
                                </Style>
                                <LineString>
                                    <tessellate>1</tessellate>
                                    <altitudeMode>clampToGround</altitudeMode>
                                    <coordinates>
                                        2.0783333333333336,41.29694444444444,0 12.236388888888888,51.42388888888889,0
                                    </coordinates>
                                </LineString>
                            </Placemark>
                                    
                            <Placemark>
                                <name>PTMSO (LEBL to SBGR)</name>
                                <Style>
                                    <LineStyle>
                                        <color>ffc9ffcc</color>
                                        <width>3</width>
                                    </LineStyle>
                                </Style>
                                <LineString>
                                    <tessellate>1</tessellate>
                                    <altitudeMode>clampToGround</altitudeMode>
                                    <coordinates>
                                        2.0783333333333336,41.29694444444444,0 -46.47,-23.433333333333334,0
                                    </coordinates>
                                </LineString>
                            </Placemark>
                                    
                            <Placemark>
                                <name>CSTTN (LEBL to LPPT)</name>
                                <Style>
                                    <LineStyle>
                                        <color>ffffc9e1</color>
                                        <width>3</width>
                                    </LineStyle>
                                </Style>
                                <LineString>
                                    <tessellate>1</tessellate>
                                    <altitudeMode>clampToGround</altitudeMode>
                                    <coordinates>
                                        2.0783333333333336,41.29694444444444,0 -9.134166666666665,38.774166666666666,0
                                    </coordinates>
                                </LineString>
                            </Placemark>
                                    
                            <Placemark>
                                <name>ECJTR (LEBL to LEPA)</name>
                                <Style>
                                    <LineStyle>
                                        <color>ffffc9e1</color>
                                        <width>3</width>
                                    </LineStyle>
                                </Style>
                                <LineString>
                                    <tessellate>1</tessellate>
                                    <altitudeMode>clampToGround</altitudeMode>
                                    <coordinates>
                                        2.0783333333333336,41.29694444444444,0 2.738888888888889,39.55166666666666,0
                                    </coordinates>
                                </LineString>
                            </Placemark>
                                    
                            <Placemark>
                                <name>GEZIZ (LEBL to LIMC)</name>
                                <Style>
                                    <LineStyle>
                                        <color>ffffc9e1</color>
                                        <width>3</width>
                                    </LineStyle>
                                </Style>
                                <LineString>
                                    <tessellate>1</tessellate>
                                    <altitudeMode>clampToGround</altitudeMode>
                                    <coordinates>
                                        2.0783333333333336,41.29694444444444,0 8.723055555555556,45.63,0
                                    </coordinates>
                                </LineString>
                            </Placemark>
                                    
                            <Placemark>
                                <name>EIDLH (LEBL to GCLP)</name>
                                <Style>
                                    <LineStyle>
                                        <color>ffc9ffcc</color>
                                        <width>3</width>
                                    </LineStyle>
                                </Style>
                                <LineString>
                                    <tessellate>1</tessellate>
                                    <altitudeMode>clampToGround</altitudeMode>
                                    <coordinates>
                                        2.0783333333333336,41.29694444444444,0 -15.386666666666667,27.931944444444447,0
                                    </coordinates>
                                </LineString>
                            </Placemark>
                                    
                            <Placemark>
                                <name>EIDWA (LEBL to EGPK)</name>
                                <Style>
                                    <LineStyle>
                                        <color>ffc9ffcc</color>
                                        <width>3</width>
                                    </LineStyle>
                                </Style>
                                <LineString>
                                    <tessellate>1</tessellate>
                                    <altitudeMode>clampToGround</altitudeMode>
                                    <coordinates>
                                        2.0783333333333336,41.29694444444444,0 -4.594444444444444,55.50944444444445,0
                                    </coordinates>
                                </LineString>
                            </Placemark>
                                    
                            <Placemark>
                                <name>ECHQI (LEBL to LFMN)</name>
                                <Style>
                                    <LineStyle>
                                        <color>ffffc9e1</color>
                                        <width>3</width>
                                    </LineStyle>
                                </Style>
                                <LineString>
                                    <tessellate>1</tessellate>
                                    <altitudeMode>clampToGround</altitudeMode>
                                    <coordinates>
                                        2.0783333333333336,41.29694444444444,0 7.215,43.665277777777774,0
                                    </coordinates>
                                </LineString>
                            </Placemark>
                                    
                            <Placemark>
                                <name>ECMBT (LEBL to LEAS)</name>
                                <Style>
                                    <LineStyle>
                                        <color>ffffc9e1</color>
                                        <width>3</width>
                                    </LineStyle>
                                </Style>
                                <LineString>
                                    <tessellate>1</tessellate>
                                    <altitudeMode>clampToGround</altitudeMode>
                                    <coordinates>
                                        2.0783333333333336,41.29694444444444,0 -6.034722222222222,43.56361111111111,0
                                    </coordinates>
                                </LineString>
                            </Placemark>
                                    
                            <Placemark>
                                <name>ECMFK (LEBL to LEMH)</name>
                                <Style>
                                    <LineStyle>
                                        <color>ffffc9e1</color>
                                        <width>3</width>
                                    </LineStyle>
                                </Style>
                                <LineString>
                                    <tessellate>1</tessellate>
                                    <altitudeMode>clampToGround</altitudeMode>
                                    <coordinates>
                                        2.0783333333333336,41.29694444444444,0 4.2186111111111115,39.862500000000004,0
                                    </coordinates>
                                </LineString>
                            </Placemark>
                                    
                            <Placemark>
                                <name>ECLZO (LEBL to LEIB)</name>
                                <Style>
                                    <LineStyle>
                                        <color>ffffc9e1</color>
                                        <width>3</width>
                                    </LineStyle>
                                </Style>
                                <LineString>
                                    <tessellate>1</tessellate>
                                    <altitudeMode>clampToGround</altitudeMode>
                                    <coordinates>
                                        2.0783333333333336,41.29694444444444,0 1.3730555555555557,38.87277777777778,0
                                    </coordinates>
                                </LineString>
                            </Placemark>
                                    
                            <Placemark>
                                <name>GEZIK (LEBL to EGGD)</name>
                                <Style>
                                    <LineStyle>
                                        <color>ffc9ffcc</color>
                                        <width>3</width>
                                    </LineStyle>
                                </Style>
                                <LineString>
                                    <tessellate>1</tessellate>
                                    <altitudeMode>clampToGround</altitudeMode>
                                    <coordinates>
                                        2.0783333333333336,41.29694444444444,0 -2.7191666666666667,51.382777777777775,0
                                    </coordinates>
                                </LineString>
                            </Placemark>
                                    
                            <Placemark>
                                <name>EIFIN (LEBL to EGCC)</name>
                                <Style>
                                    <LineStyle>
                                        <color>ffc9ffcc</color>
                                        <width>3</width>
                                    </LineStyle>
                                </Style>
                                <LineString>
                                    <tessellate>1</tessellate>
                                    <altitudeMode>clampToGround</altitudeMode>
                                    <coordinates>
                                        2.0783333333333336,41.29694444444444,0 -2.275,53.35388888888889,0
                                    </coordinates>
                                </LineString>
                            </Placemark>
                                    
                            <Placemark>
                                <name>EIENG (LEBL to LIPE)</name>
                                <Style>
                                    <LineStyle>
                                        <color>ffffc9e1</color>
                                        <width>3</width>
                                    </LineStyle>
                                </Style>
                                <LineString>
                                    <tessellate>1</tessellate>
                                    <altitudeMode>clampToGround</altitudeMode>
                                    <coordinates>
                                        2.0783333333333336,41.29694444444444,0 11.296944444444444,44.530833333333334,0
                                    </coordinates>
                                </LineString>
                            </Placemark>
                                    
                            <Placemark>
                                <name>HALYO (LEBL to LBSF)</name>
                                <Style>
                                    <LineStyle>
                                        <color>ffc9ffcc</color>
                                        <width>3</width>
                                    </LineStyle>
                                </Style>
                                <LineString>
                                    <tessellate>1</tessellate>
                                    <altitudeMode>clampToGround</altitudeMode>
                                    <coordinates>
                                        2.0783333333333336,41.29694444444444,0 23.40833333333333,42.69499999999999,0
                                    </coordinates>
                                </LineString>
                            </Placemark>
                                    
                            <Placemark>
                                <name>ECMBS (LEBL to LEZL)</name>
                                <Style>
                                    <LineStyle>
                                        <color>ffffc9e1</color>
                                        <width>3</width>
                                    </LineStyle>
                                </Style>
                                <LineString>
                                    <tessellate>1</tessellate>
                                    <altitudeMode>clampToGround</altitudeMode>
                                    <coordinates>
                                        2.0783333333333336,41.29694444444444,0 -5.898888888888888,37.418055555555554,0
                                    </coordinates>
                                </LineString>
                            </Placemark>
                                    
                            <Placemark>
                                <name>ECLOB (LEBL to LEMG)</name>
                                <Style>
                                    <LineStyle>
                                        <color>ffffc9e1</color>
                                        <width>3</width>
                                    </LineStyle>
                                </Style>
                                <LineString>
                                    <tessellate>1</tessellate>
                                    <altitudeMode>clampToGround</altitudeMode>
                                    <coordinates>
                                        2.0783333333333336,41.29694444444444,0 -4.4991666666666665,36.675,0
                                    </coordinates>
                                </LineString>
                            </Placemark>
                                    
                            <Placemark>
                                <name>N900AL (LEBL to KUGN)</name>
                                <Style>
                                    <LineStyle>
                                        <color>ffc9ffcc</color>
                                        <width>3</width>
                                    </LineStyle>
                                </Style>
                                <LineString>
                                    <tessellate>1</tessellate>
                                    <altitudeMode>clampToGround</altitudeMode>
                                    <coordinates>
                                        2.0783333333333336,41.29694444444444,0 -87.86833333333333,42.42166666666667,0
                                    </coordinates>
                                </LineString>
                            </Placemark>
                                    
                            <Placemark>
                                <name>EIDPG (LEBL to LEPA)</name>
                                <Style>
                                    <LineStyle>
                                        <color>ffffc9e1</color>
                                        <width>3</width>
                                    </LineStyle>
                                </Style>
                                <LineString>
                                    <tessellate>1</tessellate>
                                    <altitudeMode>clampToGround</altitudeMode>
                                    <coordinates>
                                        2.0783333333333336,41.29694444444444,0 2.738888888888889,39.55166666666666,0
                                    </coordinates>
                                </LineString>
                            </Placemark>
                                    
                            <Placemark>
                                <name>N327UP (LEBL to EDDK)</name>
                                <Style>
                                    <LineStyle>
                                        <color>ffffc9e1</color>
                                        <width>3</width>
                                    </LineStyle>
                                </Style>
                                <LineString>
                                    <tessellate>1</tessellate>
                                    <altitudeMode>clampToGround</altitudeMode>
                                    <coordinates>
                                        2.0783333333333336,41.29694444444444,0 7.142777777777778,50.865833333333335,0
                                    </coordinates>
                                </LineString>
                            </Placemark>
                                    
                            <Placemark>
                                <name>EIDLC (LEBL to LPPR)</name>
                                <Style>
                                    <LineStyle>
                                        <color>ffffc9e1</color>
                                        <width>3</width>
                                    </LineStyle>
                                </Style>
                                <LineString>
                                    <tessellate>1</tessellate>
                                    <altitudeMode>clampToGround</altitudeMode>
                                    <coordinates>
                                        2.0783333333333336,41.29694444444444,0 -8.678055555555554,41.23555555555556,0
                                    </coordinates>
                                </LineString>
                            </Placemark>
                                    
                            <Placemark>
                                <name>ECLXV (LEBL to LEPA)</name>
                                <Style>
                                    <LineStyle>
                                        <color>ffffc9e1</color>
                                        <width>3</width>
                                    </LineStyle>
                                </Style>
                                <LineString>
                                    <tessellate>1</tessellate>
                                    <altitudeMode>clampToGround</altitudeMode>
                                    <coordinates>
                                        2.0783333333333336,41.29694444444444,0 2.738888888888889,39.55166666666666,0
                                    </coordinates>
                                </LineString>
                            </Placemark>
                                    
                            <Placemark>
                                <name>ECKHN (LEBL to LEMH)</name>
                                <Style>
                                    <LineStyle>
                                        <color>ffffc9e1</color>
                                        <width>3</width>
                                    </LineStyle>
                                </Style>
                                <LineString>
                                    <tessellate>1</tessellate>
                                    <altitudeMode>clampToGround</altitudeMode>
                                    <coordinates>
                                        2.0783333333333336,41.29694444444444,0 4.2186111111111115,39.862500000000004,0
                                    </coordinates>
                                </LineString>
                            </Placemark>
                                    
                            <Placemark>
                                <name>CNNMH (LEBL to GMMN)</name>
                                <Style>
                                    <LineStyle>
                                        <color>ffc9ffcc</color>
                                        <width>3</width>
                                    </LineStyle>
                                </Style>
                                <LineString>
                                    <tessellate>1</tessellate>
                                    <altitudeMode>clampToGround</altitudeMode>
                                    <coordinates>
                                        2.0783333333333336,41.29694444444444,0 -7.581666666666666,33.36416666666667,0
                                    </coordinates>
                                </LineString>
                            </Placemark>
                                    
                            <Placemark>
                                <name>LYVEO (LEBL to LMML)</name>
                                <Style>
                                    <LineStyle>
                                        <color>ffffc9e1</color>
                                        <width>3</width>
                                    </LineStyle>
                                </Style>
                                <LineString>
                                    <tessellate>1</tessellate>
                                    <altitudeMode>clampToGround</altitudeMode>
                                    <coordinates>
                                        2.0783333333333336,41.29694444444444,0 14.477500000000001,35.8575,0
                                    </coordinates>
                                </LineString>
                            </Placemark>
                                    
                            <Placemark>
                                <name>EIDEE (LEBL to EIDW)</name>
                                <Style>
                                    <LineStyle>
                                        <color>ffc9ffcc</color>
                                        <width>3</width>
                                    </LineStyle>
                                </Style>
                                <LineString>
                                    <tessellate>1</tessellate>
                                    <altitudeMode>clampToGround</altitudeMode>
                                    <coordinates>
                                        2.0783333333333336,41.29694444444444,0 -6.27,53.421388888888885,0
                                    </coordinates>
                                </LineString>
                            </Placemark>
                                    
                            <Placemark>
                                <name>OHLZE (LEBL to EFHK)</name>
                                <Style>
                                    <LineStyle>
                                        <color>ffffc9e1</color>
                                        <width>3</width>
                                    </LineStyle>
                                </Style>
                                <LineString>
                                    <tessellate>1</tessellate>
                                    <altitudeMode>clampToGround</altitudeMode>
                                    <coordinates>
                                        2.0783333333333336,41.29694444444444,0 24.96333333333333,60.31722222222223,0
                                    </coordinates>
                                </LineString>
                            </Placemark>
                                    
                            <Placemark>
                                <name>GDBCI (LEBL to EGKK)</name>
                                <Style>
                                    <LineStyle>
                                        <color>ffc9ffcc</color>
                                        <width>3</width>
                                    </LineStyle>
                                </Style>
                                <LineString>
                                    <tessellate>1</tessellate>
                                    <altitudeMode>clampToGround</altitudeMode>
                                    <coordinates>
                                        2.0783333333333336,41.29694444444444,0 -0.19027777777777777,51.14805555555556,0
                                    </coordinates>
                                </LineString>
                            </Placemark>
                                    
                            <Placemark>
                                <name>TFBRO (LEBL to BIKF)</name>
                                <Style>
                                    <LineStyle>
                                        <color>ffffc9e1</color>
                                        <width>3</width>
                                    </LineStyle>
                                </Style>
                                <LineString>
                                    <tessellate>1</tessellate>
                                    <altitudeMode>clampToGround</altitudeMode>
                                    <coordinates>
                                        2.0783333333333336,41.29694444444444,0 -22.605555555555558,63.985,0
                                    </coordinates>
                                </LineString>
                            </Placemark>
                                    
                            <Placemark>
                                <name>ECJTQ (LEBL to LIRF)</name>
                                <Style>
                                    <LineStyle>
                                        <color>ffffc9e1</color>
                                        <width>3</width>
                                    </LineStyle>
                                </Style>
                                <LineString>
                                    <tessellate>1</tessellate>
                                    <altitudeMode>clampToGround</altitudeMode>
                                    <coordinates>
                                        2.0783333333333336,41.29694444444444,0 12.238888888888889,41.80027777777777,0
                                    </coordinates>
                                </LineString>
                            </Placemark>
                                    
                            <Placemark>
                                <name>ECMAI (LEBL to UUEE)</name>
                                <Style>
                                    <LineStyle>
                                        <color>ffc9ffcc</color>
                                        <width>3</width>
                                    </LineStyle>
                                </Style>
                                <LineString>
                                    <tessellate>1</tessellate>
                                    <altitudeMode>clampToGround</altitudeMode>
                                    <coordinates>
                                        2.0783333333333336,41.29694444444444,0 37.41305555555555,55.972500000000004,0
                                    </coordinates>
                                </LineString>
                            </Placemark>
                                    
                            <Placemark>
                                <name>ECMKT (LEBL to LGAV)</name>
                                <Style>
                                    <LineStyle>
                                        <color>ffffc9e1</color>
                                        <width>3</width>
                                    </LineStyle>
                                </Style>
                                <LineString>
                                    <tessellate>1</tessellate>
                                    <altitudeMode>clampToGround</altitudeMode>
                                    <coordinates>
                                        2.0783333333333336,41.29694444444444,0 23.944444444444446,37.93666666666666,0
                                    </coordinates>
                                </LineString>
                            </Placemark>
                                    
                            <Placemark>
                                <name>ECMEA (LEBL to ULLI)</name>
                                <Style>
                                    <LineStyle>
                                        <color>ffc9ffcc</color>
                                        <width>3</width>
                                    </LineStyle>
                                </Style>
                                <LineString>
                                    <tessellate>1</tessellate>
                                    <altitudeMode>clampToGround</altitudeMode>
                                    <coordinates>
                                        2.0783333333333336,41.29694444444444,0 30.2625,59.80027777777777,0
                                    </coordinates>
                                </LineString>
                            </Placemark>
                                    
                            <Placemark>
                                <name>ECLRN (LEBL to OLBA)</name>
                                <Style>
                                    <LineStyle>
                                        <color>ffc9ffcc</color>
                                        <width>3</width>
                                    </LineStyle>
                                </Style>
                                <LineString>
                                    <tessellate>1</tessellate>
                                    <altitudeMode>clampToGround</altitudeMode>
                                    <coordinates>
                                        2.0783333333333336,41.29694444444444,0 35.49,33.81916666666667,0
                                    </coordinates>
                                </LineString>
                            </Placemark>
                                    
                            <Placemark>
                                <name>ECLVA (LEBL to UUDD)</name>
                                <Style>
                                    <LineStyle>
                                        <color>ffc9ffcc</color>
                                        <width>3</width>
                                    </LineStyle>
                                </Style>
                                <LineString>
                                    <tessellate>1</tessellate>
                                    <altitudeMode>clampToGround</altitudeMode>
                                    <coordinates>
                                        2.0783333333333336,41.29694444444444,0 37.906388888888884,55.40861111111111,0
                                    </coordinates>
                                </LineString>
                            </Placemark>
                                    
                            <Placemark>
                                <name>ECMLE (LEBL to LRCL)</name>
                                <Style>
                                    <LineStyle>
                                        <color>ffc9ffcc</color>
                                        <width>3</width>
                                    </LineStyle>
                                </Style>
                                <LineString>
                                    <tessellate>1</tessellate>
                                    <altitudeMode>clampToGround</altitudeMode>
                                    <coordinates>
                                        2.0783333333333336,41.29694444444444,0 23.692222222222224,46.78916666666667,0
                                    </coordinates>
                                </LineString>
                            </Placemark>
                                    
                            <Placemark>
                                <name>A6EEH (LEBL to OMDB)</name>
                                <Style>
                                    <LineStyle>
                                        <color>ffc9ffcc</color>
                                        <width>3</width>
                                    </LineStyle>
                                </Style>
                                <LineString>
                                    <tessellate>1</tessellate>
                                    <altitudeMode>clampToGround</altitudeMode>
                                    <coordinates>
                                        2.0783333333333336,41.29694444444444,0 55.36,25.249166666666667,0
                                    </coordinates>
                                </LineString>
                            </Placemark>
                                    
                            <Placemark>
                                <name>A7AEE (LEBL to OTHH)</name>
                                <Style>
                                    <LineStyle>
                                        <color>ffc9ffcc</color>
                                        <width>3</width>
                                    </LineStyle>
                                </Style>
                                <LineString>
                                    <tessellate>1</tessellate>
                                    <altitudeMode>clampToGround</altitudeMode>
                                    <coordinates>
                                        2.0783333333333336,41.29694444444444,0 51.608333333333334,25.274444444444445,0
                                    </coordinates>
                                </LineString>
                            </Placemark>
                                    
                            <Placemark>
                                <name>ECLAA (LEBL to LGIR)</name>
                                <Style>
                                    <LineStyle>
                                        <color>ffffc9e1</color>
                                        <width>3</width>
                                    </LineStyle>
                                </Style>
                                <LineString>
                                    <tessellate>1</tessellate>
                                    <altitudeMode>clampToGround</altitudeMode>
                                    <coordinates>
                                        2.0783333333333336,41.29694444444444,0 25.18027777777778,35.33972222222222,0
                                    </coordinates>
                                </LineString>
                            </Placemark>
                                    
                            <Placemark>
                                <name>ECLVP (LEBL to EETN)</name>
                                <Style>
                                    <LineStyle>
                                        <color>ffffc9e1</color>
                                        <width>3</width>
                                    </LineStyle>
                                </Style>
                                <LineString>
                                    <tessellate>1</tessellate>
                                    <altitudeMode>clampToGround</altitudeMode>
                                    <coordinates>
                                        2.0783333333333336,41.29694444444444,0 24.8325,59.413333333333334,0
                                    </coordinates>
                                </LineString>
                            </Placemark>
                                    
                            <Placemark>
                                <name>YRBGA (LEBL to LROP)</name>
                                <Style>
                                    <LineStyle>
                                        <color>ffc9ffcc</color>
                                        <width>3</width>
                                    </LineStyle>
                                </Style>
                                <LineString>
                                    <tessellate>1</tessellate>
                                    <altitudeMode>clampToGround</altitudeMode>
                                    <coordinates>
                                        2.0783333333333336,41.29694444444444,0 26.084999999999997,44.571111111111115,0
                                    </coordinates>
                                </LineString>
                            </Placemark>
                                    
                            <Placemark>
                                <name>ECLQM (LEBL to LBSF)</name>
                                <Style>
                                    <LineStyle>
                                        <color>ffc9ffcc</color>
                                        <width>3</width>
                                    </LineStyle>
                                </Style>
                                <LineString>
                                    <tessellate>1</tessellate>
                                    <altitudeMode>clampToGround</altitudeMode>
                                    <coordinates>
                                        2.0783333333333336,41.29694444444444,0 23.40833333333333,42.69499999999999,0
                                    </coordinates>
                                </LineString>
                            </Placemark>
                                    
                            <Placemark>
                                <name>ECLZF (LEBL to EVRA)</name>
                                <Style>
                                    <LineStyle>
                                        <color>ffffc9e1</color>
                                        <width>3</width>
                                    </LineStyle>
                                </Style>
                                <LineString>
                                    <tessellate>1</tessellate>
                                    <altitudeMode>clampToGround</altitudeMode>
                                    <coordinates>
                                        2.0783333333333336,41.29694444444444,0 23.97111111111111,56.92361111111111,0
                                    </coordinates>
                                </LineString>
                            </Placemark>
                                    
                            <Placemark>
                                <name>ECLRY (LEBL to UKKK)</name>
                                <Style>
                                    <LineStyle>
                                        <color>ffc9ffcc</color>
                                        <width>3</width>
                                    </LineStyle>
                                </Style>
                                <LineString>
                                    <tessellate>1</tessellate>
                                    <altitudeMode>clampToGround</altitudeMode>
                                    <coordinates>
                                        2.0783333333333336,41.29694444444444,0 30.451944444444443,50.401944444444446,0
                                    </coordinates>
                                </LineString>
                            </Placemark>
                                    
                            <Placemark>
                                <name>ECMFL (LEBL to LROP)</name>
                                <Style>
                                    <LineStyle>
                                        <color>ffc9ffcc</color>
                                        <width>3</width>
                                    </LineStyle>
                                </Style>
                                <LineString>
                                    <tessellate>1</tessellate>
                                    <altitudeMode>clampToGround</altitudeMode>
                                    <coordinates>
                                        2.0783333333333336,41.29694444444444,0 26.084999999999997,44.571111111111115,0
                                    </coordinates>
                                </LineString>
                            </Placemark>
                                    
                            <Placemark>
                                <name>ECLZE (LEBL to LCLK)</name>
                                <Style>
                                    <LineStyle>
                                        <color>ffffc9e1</color>
                                        <width>3</width>
                                    </LineStyle>
                                </Style>
                                <LineString>
                                    <tessellate>1</tessellate>
                                    <altitudeMode>clampToGround</altitudeMode>
                                    <coordinates>
                                        2.0783333333333336,41.29694444444444,0 33.63027777777778,34.87888888888889,0
                                    </coordinates>
                                </LineString>
                            </Placemark>
                                    
                            <Placemark>
                                <name>VPBON (LEBL to UUEE)</name>
                                <Style>
                                    <LineStyle>
                                        <color>ffc9ffcc</color>
                                        <width>3</width>
                                    </LineStyle>
                                </Style>
                                <LineString>
                                    <tessellate>1</tessellate>
                                    <altitudeMode>clampToGround</altitudeMode>
                                    <coordinates>
                                        2.0783333333333336,41.29694444444444,0 37.41305555555555,55.972500000000004,0
                                    </coordinates>
                                </LineString>
                            </Placemark>
                                    
                            <Placemark>
                                <name>GEZDJ (LEBL to EGGW)</name>
                                <Style>
                                    <LineStyle>
                                        <color>ffc9ffcc</color>
                                        <width>3</width>
                                    </LineStyle>
                                </Style>
                                <LineString>
                                    <tessellate>1</tessellate>
                                    <altitudeMode>clampToGround</altitudeMode>
                                    <coordinates>
                                        2.0783333333333336,41.29694444444444,0 -0.3683333333333333,51.874722222222225,0
                                    </coordinates>
                                </LineString>
                            </Placemark>
                                    
                            <Placemark>
                                <name>ECLRG (LEBL to LEIB)</name>
                                <Style>
                                    <LineStyle>
                                        <color>ffffc9e1</color>
                                        <width>3</width>
                                    </LineStyle>
                                </Style>
                                <LineString>
                                    <tessellate>1</tessellate>
                                    <altitudeMode>clampToGround</altitudeMode>
                                    <coordinates>
                                        2.0783333333333336,41.29694444444444,0 1.3730555555555557,38.87277777777778,0
                                    </coordinates>
                                </LineString>
                            </Placemark>
                                    
                            <Placemark>
                                <name>VPBRI (LEBL to UUDD)</name>
                                <Style>
                                    <LineStyle>
                                        <color>ffc9ffcc</color>
                                        <width>3</width>
                                    </LineStyle>
                                </Style>
                                <LineString>
                                    <tessellate>1</tessellate>
                                    <altitudeMode>clampToGround</altitudeMode>
                                    <coordinates>
                                        2.0783333333333336,41.29694444444444,0 37.906388888888884,55.40861111111111,0
                                    </coordinates>
                                </LineString>
                            </Placemark>
                                    
                            <Placemark>
                                <name>ECLSA (LEBL to UUDD)</name>
                                <Style>
                                    <LineStyle>
                                        <color>ffc9ffcc</color>
                                        <width>3</width>
                                    </LineStyle>
                                </Style>
                                <LineString>
                                    <tessellate>1</tessellate>
                                    <altitudeMode>clampToGround</altitudeMode>
                                    <coordinates>
                                        2.0783333333333336,41.29694444444444,0 37.906388888888884,55.40861111111111,0
                                    </coordinates>
                                </LineString>
                            </Placemark>
                                    
                            <Placemark>
                                <name>SXDVV (LEBL to LGAV)</name>
                                <Style>
                                    <LineStyle>
                                        <color>ffffc9e1</color>
                                        <width>3</width>
                                    </LineStyle>
                                </Style>
                                <LineString>
                                    <tessellate>1</tessellate>
                                    <altitudeMode>clampToGround</altitudeMode>
                                    <coordinates>
                                        2.0783333333333336,41.29694444444444,0 23.944444444444446,37.93666666666666,0
                                    </coordinates>
                                </LineString>
                            </Placemark>
                                </Document>
</kml>